edges,x,y,z,children,root
AACGTCAGACTAGTGG-1-Anterior,218.5714333,225.1807278,500,TGCACTATGTGAGTGC-1-Posterior,TRUE
TGCACTATGTGAGTGC-1-Posterior,120.154908,178.3993154,1100,TAGGTGAGCCCTACTC-1-Anterior,FALSE
TAGGTGAGCCCTACTC-1-Anterior,193.6833089,256.1101605,500,GCTTCCAGCTTAGATT-1-Posterior,FALSE
GCTTCCAGCTTAGATT-1-Posterior,130.8433763,122.7366636,1100,ATGCCAATCGCTCTGC-1-Anterior,FALSE
ATGCCAATCGCTCTGC-1-Anterior,449.5869289,169.518076,500,CGGCACTCAAGAAAGT-1-Posterior,FALSE
CGGCACTCAAGAAAGT-1-Posterior,173.4939797,147.4698827,1100,AACCGAGCTTGGTCAT-1-Anterior,FALSE
AACCGAGCTTGGTCAT-1-Anterior,325.1979417,225.1807278,500,GAAGAACGGTGCAGGT-1-Posterior,FALSE
GAAGAACGGTGCAGGT-1-Posterior,216.144583,159.8623098,1100,CCGGGCGGTCTCGTCA-1-Anterior,FALSE
CCGGGCGGTCTCGTCA-1-Anterior,346.5232433,274.647166,500,GACAACGCAGCTTACG-1-Posterior,FALSE
GACAACGCAGCTTACG-1-Posterior,265.920832,196.9879561,1100,,FALSE