,x,y,z
AAACAGAGCGACTCCT-1-Anterior,42,56.5,130.8
AAACGAGACGGTTGAT-1-Anterior,592.5,411.3,238.7
AAACTCGTGATATAAG-1-Anterior,241.4,497.1,420.6
AAAGGGATGTAGCAAG-1-Anterior,41.8,263.1,174.1
AAATAACCATACGGGA-1-Anterior,82.6,42.8,284.5
AAATAAGGTAGTGCCC-1-Anterior,355.3,306.9,450.5
AAATAGCTTAGACTTT-1-Anterior,391.3,442.4,296.2
AAATGATTCGATCAGC-1-Anterior,68.3,532.5,407.5
AAATGGTCAATGTGCC-1-Anterior,77,500.8,306.9
AAATTAACGGGTAGCT-1-Anterior,133.3,574.1,406.1
AAATTACACGACTCTG-1-Anterior,149.5,129.3,439.8
AAATTACCTATCGATG-1-Anterior,78.4,506.2,368
AAATTCCAGGTCCAAA-1-Anterior,337.8,392.6,278.7
AACAACTGGTAGTTGC-1-Anterior,65.2,91,144.6
AACAGGATGGGCCGCG-1-Anterior,141.9,61.2,325.9
AACATATCAACTGGTG-1-Anterior,218.7,515.3,481.8
AACATCGATACGTCTA-1-Anterior,42.9,377.9,125.6
AACCAAGACTTCTCTG-1-Anterior,103.7,46.6,293.4
AACCGAGCTTGGTCAT-1-Anterior,24.4,442.9,167.3
AACCTTTACGACGTCT-1-Anterior,54.9,190.6,81.6
AACGATATGTCAACTG-1-Anterior,36.9,453.5,112.3
AACGCATGATCTGGGT-1-Anterior,39.5,451.5,92.7
AACGCGGTCTCCAGCC-1-Anterior,37.2,253.8,178.2
AACGTCAGACTAGTGG-1-Anterior,149.4,134,463.1
AACGTGCGAAAGTCTC-1-Anterior,586.1,414.6,244.8
AACTCCTAATCCCATG-1-Anterior,132.7,116.4,497.2
AACTCTCAATAGAGCG-1-Anterior,456.9,404.2,263.6
AACTGGGTCCCGACGT-1-Anterior,45.9,58.6,106.5
AACTTGCCCGTATGCA-1-Anterior,146.5,97.8,562.3
AAGACTGCAAGCTACT-1-Anterior,336.9,413.1,312.1
AAGAGCTCTTTATCGG-1-Anterior,568,413.4,281.4
AAGAGGCATGGATCGC-1-Anterior,571.2,408.7,288.1
AAGATTGGCGGAACGT-1-Anterior,101.4,523.9,392.5
AAGCTCGTGCCAAGTC-1-Anterior,495.8,406,261.6
AAGGAGCGGTTGGTGC-1-Anterior,67.1,273.1,252.4
AAGGATGAGGGACCTC-1-Anterior,139.1,518.1,418.8
AAGGCGCGTAAAGCTT-1-Anterior,158.6,91.8,489.8
AAGGCTGTGCTCATCG-1-Anterior,75.6,339,266.7
AAGGGACAGATTCTGT-1-Anterior,111.1,501.5,385.2
AAGGTATCCTAATATA-1-Anterior,86.7,460.7,284.1
AAGTAGTGACGCGAGG-1-Anterior,126,51.7,223.4
AAGTTCAGTCTGCGTA-1-Anterior,43.7,328.2,104.5
AATAACAACGCTCGGC-1-Anterior,81.1,198.1,260.1
AATAGCTACCGCGTGC-1-Anterior,58.7,440.3,143.4
AATATCGAGGGTTCTC-1-Anterior,211.5,510,482.7
AATATTGGAGTATTGA-1-Anterior,166.7,130.6,475.7
AATCTATGCCGGAGCC-1-Anterior,366.8,420.3,211.9
AATCTGCGTTGGGACG-1-Anterior,481.5,397.4,276
AATGACTGTCAGCCGG-1-Anterior,62.4,43.2,230.9
AATGATGATACGCTAT-1-Anterior,63,466.8,294.8
AATGATGCGACTCCTG-1-Anterior,190.1,492.2,479.4
AATGCAACCGGGTACC-1-Anterior,48.7,285.4,206.5
AATGCACCAAGCAATG-1-Anterior,67.8,360.9,147.5
AATTCATAAGGGATCT-1-Anterior,99.6,451.1,258.6
AATTTGGGACATAGTA-1-Anterior,125.6,50,361.3
ACAACAGCATGAGCTA-1-Anterior,188.9,553.8,470
ACAAGCAGTGCCTAGC-1-Anterior,175.3,117.6,442.6
ACAAGGACAAGAGGTT-1-Anterior,78.1,86.3,158
ACAATCCATTTAAACC-1-Anterior,28.4,268.2,245.3
ACAATTTGAGCAGTGG-1-Anterior,106.2,534.6,434.9
ACACAAAGACGGGTGG-1-Anterior,71.8,141.3,205.3
ACACCCAGCATGCAGC-1-Anterior,98.1,114.3,219.3
ACACCTTAAGTAGGGC-1-Anterior,56.3,22.3,131.3
ACACGAGACTCCTTCT-1-Anterior,122.2,541.1,431.3
ACACGGGAACTTAGGG-1-Anterior,92.7,480.4,218.2
ACATAATAAGGCGGTG-1-Anterior,74.4,85,126.6
ACCAAACACCCAGCGA-1-Anterior,60.9,435.9,114.3
ACCAACACCACACACT-1-Anterior,63.7,453.3,194.3
ACCACAAGTTTCTATC-1-Anterior,27.8,464.2,221.5
ACCCAACGCCCGTGGC-1-Anterior,223.3,525.9,428.5
ACCCATCTTGAGGGTA-1-Anterior,31.7,414.6,231.2
ACCCTGGTAACGCCCT-1-Anterior,118.2,571.6,461.9
ACCGACTGAGTCCCAC-1-Anterior,58.3,485.4,278.1
ACCGATGGTAGCATCG-1-Anterior,591.1,398.2,277.5
ACCTAATCGACTTCCT-1-Anterior,108.3,41.1,241.6
ACCTCCGTTATTCACC-1-Anterior,337,374.9,373.4
ACGAAATGGGCGGCAC-1-Anterior,170,128.2,491.9
ACGAGTACGGATGCCC-1-Anterior,383.7,457.5,392.8
ACGATACATAGAACTA-1-Anterior,16.7,282.7,112.5
ACGATCATACATAGAG-1-Anterior,42,356.8,240.5
ACGATCATCTTGTAAA-1-Anterior,508.9,353.9,298.3
ACGATGCATATGTTAT-1-Anterior,84,482.8,277.5
ACGCAATCACTACAGC-1-Anterior,375.5,438.2,435.9
ACGCATTCGTGAGTAC-1-Anterior,172.7,509,353.6
ACGCCAGATGATTTCT-1-Anterior,114.8,43.9,298.7
ACGCGGGCCAAGGACA-1-Anterior,156.2,599.5,427.6
ACGCTAGTGATACACT-1-Anterior,365.5,438.2,339
ACGGAGCGCAAATTAC-1-Anterior,41.3,436.5,90.8
ACGTAGATTGCTGATG-1-Anterior,147.6,554.6,375.3
ACGTGCGCCTCGTGCA-1-Anterior,154.3,116.4,520.5
ACGTTCGCAATCAATT-1-Anterior,365.8,268.3,535.4
ACTACCAGCTCTCTGG-1-Anterior,114.4,19.3,247.8
ACTATATGCTGTGTTC-1-Anterior,12.3,66.2,27
ACTCAATAAAGGCACG-1-Anterior,25.8,412.5,203.6
ACTCCCGAATTCGTTT-1-Anterior,488.6,287.1,365
ACTCGTCAGTAATCCC-1-Anterior,573.8,416.1,257.1
ACTCTTGTATAGTAAC-1-Anterior,455.2,408.5,276.5
ACTGCCGTCGTAACTC-1-Anterior,148.8,96.5,553.9
ACTGTACGATACACAT-1-Anterior,154.1,555.1,450.6
ACTGTAGCACTTTGGA-1-Anterior,112.9,57.5,194.5
ACTGTCCAGGATTATA-1-Anterior,157.3,483.1,320
ACTGTCTTCTTTAGAA-1-Anterior,67.3,541,264.8
ACTTATACTTACCCGG-1-Anterior,535.4,404.5,258.7
ACTTCGCCATACGCAC-1-Anterior,85.5,494.2,293.5
ACTTGGGACCCGGTGG-1-Anterior,36.8,348.4,248.6
ACTTTACCCTCATGAA-1-Anterior,481.9,306.7,351.4
ACTTTCCTATAGCTTC-1-Anterior,77.2,468.4,240.1
AGAACGTGGTACATTC-1-Anterior,63.5,517.8,263.2
AGAATGCGGGTTCGGA-1-Anterior,13.4,78.1,0
AGAATTATGGATTCGA-1-Anterior,525.9,372.5,279.9
AGACCCGCCCTCCTCG-1-Anterior,66.1,293.3,231.1
AGACTAGCCTTCCAGA-1-Anterior,54.8,235,261.3
AGAGAACCGTCTAGGA-1-Anterior,92,480.7,401.6
AGATAACTTCAGGGCC-1-Anterior,72.2,409.7,271.9
AGATCGTGCATAAGAT-1-Anterior,95.3,451.7,182.1
AGATCTCAGGTGTGAT-1-Anterior,149.2,536,377.9
AGATGACTCGCCCACG-1-Anterior,62,28.4,183.5
AGATGAGGGTTGCGAT-1-Anterior,28.6,82.1,37.6
AGATGATGGAGTCTGG-1-Anterior,463.6,330.7,349.6
AGATTATAGGACGTTT-1-Anterior,150.9,571,411
AGCACCAGTACTCACG-1-Anterior,19.9,459,201.9
AGCACTTAAGGACGCC-1-Anterior,95.1,149.7,219.4
AGCATCGTCGATAATT-1-Anterior,104.9,63.9,222.6
AGCCACTCCCGTGCTT-1-Anterior,33.2,471.5,171.4
AGCCCTTCTAATCCGA-1-Anterior,32.6,273.2,43.6
AGCGACCAACGATATT-1-Anterior,77.7,252.6,143.7
AGCGCGGGTGCCAATG-1-Anterior,71.7,531.5,370.1
AGCTAGAAGCAGAAGT-1-Anterior,99.2,452.4,175.4
AGCTATTTAATCCAAC-1-Anterior,154.5,125.1,465.3
AGCTCTTCCCAGTGCA-1-Anterior,91,211.5,169.5
AGCTGAAGTAAACCAA-1-Anterior,63.8,252.3,115.4
AGGACGCTCGATGTTG-1-Anterior,77.3,269.5,174.1
AGGCAGATGCGTAAAC-1-Anterior,93.9,493.3,397.1
AGGCCACCCGTTATGA-1-Anterior,120.9,40.6,216.5
AGGCGTCTATGGACGG-1-Anterior,24.4,269,61.1
AGGGAAACGAGGTACT-1-Anterior,146.7,120.7,420.2
AGGGACCGGCTGCGTT-1-Anterior,384.9,449.7,369
AGGGAGACATACTTCG-1-Anterior,362.7,275.2,518.8
AGGGCTGCAGTTACAG-1-Anterior,232.4,573.6,448.8
AGGGTCAGTAACCCTA-1-Anterior,29.8,209.8,41.5
AGGGTCGATGCGAACT-1-Anterior,572.4,372.2,253.6
AGGGTGCTCTCGAGGG-1-Anterior,501,401.4,266
AGGGTTCCCTTTGGTT-1-Anterior,225.9,544.4,478.8
AGGGTTTAGTTCGGGA-1-Anterior,155.5,546.8,397.1
AGGTAGGTACAAAGCT-1-Anterior,55.6,237.4,221.3
AGGTATAATTGATAGT-1-Anterior,390.6,451,397.5
AGGTCGCGGAGTTACT-1-Anterior,201,522.8,442.1
AGGTTGAGGCACGCTT-1-Anterior,27.6,308.3,201.9
AGTACATCATTTATCA-1-Anterior,357.2,311.6,444.6
AGTACGGGCACCTGGC-1-Anterior,134.2,472.7,245.5
AGTAGGAAGGAAGTTG-1-Anterior,32.3,232.5,22.8
AGTCCCGCCTTTAATT-1-Anterior,41.6,224.4,67.8
AGTCGGCCCAAACGAC-1-Anterior,137,86.1,355.5
AGTCTAAAGTATACTC-1-Anterior,366.3,268.3,536.8
AGTCTTCTCCTCAAAT-1-Anterior,24.8,342.5,217.3
AGTGAGACTTCCAGTA-1-Anterior,537.7,427.9,301.9
AGTGAGCCTCGCCGCC-1-Anterior,465.3,332.3,303.4
AGTGATTCAAGCAGGA-1-Anterior,577.3,382.1,285.6
AGTGGCGGCAATTTGA-1-Anterior,158.7,494,368.3
AGTGTATTGCGCATTG-1-Anterior,50.8,257.3,59.7
AGTTAAGCGGTCCCGG-1-Anterior,90.4,46.6,275
AGTTACTCTATCGTGG-1-Anterior,70,49.6,212.4
AGTTCCTACAGAATTA-1-Anterior,51.2,461.2,223.8
ATAAAGGCTCGGTCGT-1-Anterior,99.6,530.1,264.3
ATAACGCCGGAGGGTC-1-Anterior,595.7,415.5,243.1
ATAACGGAGTCCAACG-1-Anterior,72.8,456.5,206.7
ATAAGTAGGATTCAGA-1-Anterior,363.9,432.6,341.8
ATAAGTAGGGCGACTC-1-Anterior,380.6,464.1,431.1
ATACCACGGGCAACTT-1-Anterior,81.3,116.5,285.7
ATACCGTCATCCATAA-1-Anterior,19.7,203.5,40.4
ATACGGGTTTCGATTG-1-Anterior,78.1,317.6,212.2
ATACTAGCATGACCCT-1-Anterior,64.8,55.7,107.3
ATAGACAACGGGACCT-1-Anterior,165.6,515,502.9
ATAGACGAAGAGAAAG-1-Anterior,107.9,400.2,283
ATAGAGTACTGGGACA-1-Anterior,68.8,83.9,117.2
ATAGAGTTATCAACTT-1-Anterior,173.5,517.2,435.7
ATAGGCTAGCTTCGCA-1-Anterior,82.9,545.9,415.5
ATAGGGATATCCTTGA-1-Anterior,56,194.2,133
ATAGGTTGGGCAGATG-1-Anterior,74.9,493.9,243.2
ATATCAACCTACAGAG-1-Anterior,479,286.3,352.4
ATATCTCCCTCGTTAA-1-Anterior,88.8,214.3,159.2
ATATCTTAGGGCCTTC-1-Anterior,205.7,579.2,410.7
ATATGTCTCCCTAGCC-1-Anterior,577,384.8,268.5
ATATTTAACCCTCAAG-1-Anterior,137.8,477.6,269.3
ATCAATCTGGGCTGCA-1-Anterior,147.1,562.1,460.7
ATCACATTAGAATATC-1-Anterior,67.3,238.8,109.7
ATCACTTCATCCTCGC-1-Anterior,104.9,119.8,193.4
ATCAGTAGGCAGGGAT-1-Anterior,51.7,473.1,138.6
ATCCAACGCAGTCATA-1-Anterior,150.3,123,504.3
ATCGACTCTTTCCGTT-1-Anterior,49.9,209.8,175.9
ATCGCACGCCGGGAGA-1-Anterior,85.1,312.3,201
ATCGCTGCGTGCAGCA-1-Anterior,156.5,574.6,485.8
ATCGGCAAGCAGTCCA-1-Anterior,78.2,474,142.1
ATCTCCCTGCAATCTA-1-Anterior,134.6,121.5,517.5
ATCTGCACCTCTGCGA-1-Anterior,401.5,434.8,217.2
ATCTGGTTAAGACTGT-1-Anterior,37.5,499.7,215.8
ATCTTGACCTGCAACG-1-Anterior,81.6,64,176.4
ATCTTGACTTGTCCAA-1-Anterior,358.4,322.8,425.3
ATGAAGCCAAGGAGCC-1-Anterior,150.3,88.7,468.6
ATGAGGAGTGTTAATC-1-Anterior,166.9,95.3,493.6
ATGCACTACCGCATTG-1-Anterior,73.5,88.9,137.6
ATGCATGATCCAGGAT-1-Anterior,102.1,368.3,293.4
ATGCCAATCGCTCTGC-1-Anterior,36.6,180.7,50.4
ATGCCGGTCTTGCATA-1-Anterior,190.5,575.1,466.7
ATGCCGGTTGATGGGA-1-Anterior,50.5,134.4,100.6
ATGCGACAATTGGTCC-1-Anterior,29.3,48.8,79.1
ATGCGACAGTCCCATT-1-Anterior,382.4,425.3,234.3
ATGGAGCAGGCCGTGA-1-Anterior,362.7,394.3,224
ATGGATCCGGCGTCCG-1-Anterior,56.6,81,112
ATGGATTGACCAAACG-1-Anterior,107.9,408.4,230.1
ATGTAAGGCTGCTCTT-1-Anterior,369.8,269,530
ATGTGCATCCGACGCA-1-Anterior,89.4,149.6,212
ATTAATACTACGCGGG-1-Anterior,64.5,161,158.4
ATTAATGAACCAGTCG-1-Anterior,36.5,447.3,156.1
ATTACTTACTGGGCAT-1-Anterior,73.4,469.2,363.9
ATTAGATTCCTCAGCA-1-Anterior,196.2,511.6,492.1
ATTAGGCGATGCTTTC-1-Anterior,557.3,421.5,289.3
ATTATACTTTGCTCGT-1-Anterior,76.6,72.2,140.8
ATTATAGCTACTTTAC-1-Anterior,374.6,281.3,494.7
ATTATGCCATAGGGAG-1-Anterior,96.1,11.4,213.7
ATTCAGGACCTATTTC-1-Anterior,76,479.9,163.6
ATTCCTAAGACGTGGA-1-Anterior,36.8,157,57.9
ATTCGACGCCGGGCCT-1-Anterior,132,76,322.7
ATTGAAGATCTTAGTG-1-Anterior,37.3,468.4,213.9
ATTGACCGGCGATGAC-1-Anterior,79,547.1,433.6
ATTGATGAGTCCTAAC-1-Anterior,535.8,368.8,283.9
ATTGCTGCTCCTCCAT-1-Anterior,75.5,479.1,353.3
ATTGTACAACTCGGCT-1-Anterior,502.3,334,313.1
ATTGTCGCAATACCTT-1-Anterior,102,144.4,312.4
ATTGTGACTTCGCTGC-1-Anterior,77.8,102.2,368.5
ATTTACAGTTTACTGG-1-Anterior,94.5,158.5,216.4
ATTTACTAAGTCCATT-1-Anterior,370,277.1,529.3
ATTTGTTCCAGGGCTC-1-Anterior,48.3,56.8,166.4
CAAACGGTCGCACTTT-1-Anterior,62.1,212.1,262.9
CAACGACCCGTTTACA-1-Anterior,150.5,94.9,548.3
CAACTATATCGAATGC-1-Anterior,183.8,138.1,457.5
CAAGCAACGTCGGAGT-1-Anterior,45.7,261.7,267.4
CAAGCACCAAATGCCT-1-Anterior,135,72.5,349.2
CAAGGTCCTATAGGCT-1-Anterior,364.3,402.7,365.4
CAATAAACCTTGGCCC-1-Anterior,59.5,482.4,304.5
CAATCCCTATACCAGC-1-Anterior,151.5,104.4,593.3
CAATGGATCTCTACCA-1-Anterior,131.4,529.1,451.3
CAATGTGCCAACCCTT-1-Anterior,199.8,448.3,312.1
CAATTAAGGGTGATGA-1-Anterior,65,490.3,240.8
CAATTTCGTATAAGGG-1-Anterior,358.7,392.7,281.5
CACAAGAAAGATATTA-1-Anterior,10.4,112.4,10.2
CACACGCGCTGTCTTA-1-Anterior,546.1,410.5,241
CACAGCACCCACGGCA-1-Anterior,137.7,484.8,257.1
CACAGCTAGGGAGTGA-1-Anterior,61.9,93.1,271.3
CACATTCTTTCGATGG-1-Anterior,57.2,240.6,135.8
CACCATGATCGCAAAG-1-Anterior,8.5,73,4
CACCCAAATCTTATGT-1-Anterior,484,311.5,342.4
CACCCACGAGGCAATT-1-Anterior,43.8,256.4,61.2
CACCGCCAGAAGGTTT-1-Anterior,71.3,419.5,239.6
CACCGCGTCCACTCTA-1-Anterior,42.1,231.6,45.6
CACCTAATCAGTTTAC-1-Anterior,51.4,95.8,258
CACCTCGATGGTGGAC-1-Anterior,46.1,19.6,136.7
CACCTTGCGAAACTCG-1-Anterior,83.2,445.1,174.1
CACGAAAGTTAGTCCC-1-Anterior,126.2,42.6,212.2
CACGCACAGCGCAGCT-1-Anterior,27.6,440.4,162
CACGCAGCGAGGCTTT-1-Anterior,90.6,297.7,261.6
CACGGCGCGCCAAAGG-1-Anterior,35.2,149,54.8
CACGTTCGTGCTCTAG-1-Anterior,582.5,422.3,224.3
CACTAAAGTTGCCTAT-1-Anterior,92.9,513.1,240.1
CACTCCTCTCGGTCGG-1-Anterior,63.2,23.9,239.7
CACTTAATCAGACGGA-1-Anterior,109,478.9,239.4
CAGACCTGTAAGTGTT-1-Anterior,462.6,339.9,297.2
CAGAGCATGAGCTTGC-1-Anterior,99.2,492.4,247.5
CAGATACTAACATAGT-1-Anterior,92.9,88.3,156.9
CAGATCATTTAAAGTC-1-Anterior,87.4,552.4,433.4
CAGCAGCCCGTTCCTT-1-Anterior,100.5,509.2,353.5
CAGCCTCCTGCAGAGG-1-Anterior,33.4,382.6,182.3
CAGCCTCTCCTCAAGA-1-Anterior,44.5,93.5,70.2
CAGCTCACTGAGACAT-1-Anterior,145.3,546.5,395
CAGCTCGACAAGTTAA-1-Anterior,170.4,537.1,487.3
CAGCTTAGTAGGTAGC-1-Anterior,137.2,46.6,311.5
CAGTAACTATTTATTG-1-Anterior,48.4,459.1,125.1
CAGTACATTCTCTAAA-1-Anterior,99.9,439.5,214.1
CAGTAGCCCACGCGGT-1-Anterior,109.9,545,414.8
CAGTCGAGGATGCAAT-1-Anterior,163.8,545.5,454.4
CAGTGAATAAATGACT-1-Anterior,57.5,470.1,292.2
CAGTTCAAATTGACAC-1-Anterior,24,378.4,219.9
CATAACGGACAGTCGT-1-Anterior,591.8,372.5,274.2
CATACCCGTACCCAGT-1-Anterior,79.9,239.7,237
CATACTATGTAATTGT-1-Anterior,101.4,490.6,342.3
CATACTTAGGCAATAC-1-Anterior,395.9,464.2,450.6
CATAGTACATTGAGAG-1-Anterior,156.6,135.8,514.1
CATATACTACTGATAA-1-Anterior,62,332.3,142.2
CATCTATCCCGTGTCT-1-Anterior,86.1,302,183.8
CATCTTACACCACCTC-1-Anterior,582.8,385,287.1
CATGATGCACAATTCT-1-Anterior,69.9,170.3,166.2
CATGCGACCAGTTTAA-1-Anterior,182.8,509.3,449.7
CATGGGTCGGGTGTGG-1-Anterior,51.7,289.9,107
CATGGTCTAGATACCG-1-Anterior,52.8,479.5,200.4
CATGTAGGAGCGCCAA-1-Anterior,45.5,155.1,110
CATTACGTCGGCCCGT-1-Anterior,83.9,71,240.1
CATTATGCTTGTTGTG-1-Anterior,70.6,277.4,267.3
CATTGCGGGTCAATTC-1-Anterior,262.8,350,400
CATTTAGCGGACCATG-1-Anterior,141.8,466.4,255
CCAAACAGAACCCTCG-1-Anterior,95.1,32.5,223
CCAACGATGCACTGAT-1-Anterior,79.3,224.3,259.5
CCAAGACTTCTGCGAA-1-Anterior,84.5,33.8,172.8
CCAAGCGTAACTCGTA-1-Anterior,219.6,558.5,464.5
CCAATAGTGCCGTCGA-1-Anterior,56,423.5,268
CCAATCGGTAGATCGA-1-Anterior,131.4,126.1,477.4
CCAATGTCACAGCAAG-1-Anterior,99.8,511,270.4
CCAATTACGGGTCGAG-1-Anterior,43.5,295.5,91.4
CCACAATGTACGTCTT-1-Anterior,199.8,522.9,410.6
CCACCCAAGGAAAGTG-1-Anterior,556.5,411.5,239.2
CCACGAGAAGAGAATC-1-Anterior,67,36.8,259.7
CCACGGTGCCCGGTAG-1-Anterior,379.3,451.6,415.6
CCAGATAGTTGAGTGA-1-Anterior,125.7,561.7,410.9
CCAGCCTGGACCAATA-1-Anterior,371.4,397.5,305.6
CCAGCTGATGGTACTT-1-Anterior,159,97.8,458.8
CCAGGGACGTGGCCTC-1-Anterior,32.1,342,215.2
CCAGTAGTCTGATCCA-1-Anterior,149.5,525.6,456.7
CCAGTCTAGACGGCGC-1-Anterior,107.5,440.8,206.9
CCATACCTTTACTTGT-1-Anterior,480.2,314.4,336
CCATAGGTTGGCGTGG-1-Anterior,174.1,103.4,446.3
CCATGCCTGTTTAGTA-1-Anterior,123.1,551.2,418.6
CCATTAGCGATAATCC-1-Anterior,33.8,376.1,239.4
CCATTCCCTGCCCACA-1-Anterior,44,329.4,281.7
CCCAAACATGCTGCTC-1-Anterior,569.6,395.1,280.1
CCCAGAGGAGGGCGTA-1-Anterior,74.9,494.4,361.1
CCCGACCATAGTCCGC-1-Anterior,51,103.8,89.5
CCCGTCAGCGTCTGAC-1-Anterior,98.3,73.9,176.5
CCCTGAAATGAGTTGA-1-Anterior,56.3,251.3,280
CCCTGCGCTACGCATA-1-Anterior,168.1,124.8,395
CCGACGTAAACACAAC-1-Anterior,35.8,58.3,211.5
CCGAGCTGTGCTTGTC-1-Anterior,41.4,426.5,135
CCGATCTCAACCTTAT-1-Anterior,497.3,376,289.1
CCGCACAAAGACCAAC-1-Anterior,577.3,417.1,239
CCGCCTGCGAATTGGT-1-Anterior,37,90,46
CCGCGGGTACGAAGAA-1-Anterior,143.8,126.4,434.4
CCGCTTGCTGACATGG-1-Anterior,347.7,275.5,539.1
CCGGCACGACCGTTTC-1-Anterior,393.6,448.2,449.3
CCGGGCGGTCTCGTCA-1-Anterior,225.3,581.5,457.1
CCGGGCTGCTCCATAC-1-Anterior,531.5,420.1,286.8
CCGTAAGTTGGTCCCA-1-Anterior,388.3,408.7,271.2
CCGTATTAGCGCAGTT-1-Anterior,59.8,299.6,123.4
CCGTGGAACGATCCAA-1-Anterior,189.8,531.9,453.7
CCGTTACGTTAGAACA-1-Anterior,43.2,288.6,95.9
CCTAAAGGCTGACGCT-1-Anterior,151,146.9,468.4
CCTAACTAAGGCTCTA-1-Anterior,70.4,468.8,132.8
CCTACTGCTTACACTT-1-Anterior,81.4,235.2,234.8
CCTAGGCGTAGCGATC-1-Anterior,584.6,409.1,269.3
CCTATCTATATCGGAA-1-Anterior,39.2,83.5,73.8
CCTATGAAGTGGTGCC-1-Anterior,382.4,456.7,459.7
CCTATGGGTTACCGTC-1-Anterior,112.3,515.8,240
CCTCACCTGAGGGAGC-1-Anterior,378.3,428.9,337.6
CCTCACCTTAGCATCG-1-Anterior,185.1,473.7,404.4
CCTCCGACAATTCAAG-1-Anterior,71.7,181.9,235
CCTCGCCAGCAAATTA-1-Anterior,37.2,53.1,130.2
CCTCGCGCGATATAGG-1-Anterior,69.4,458.3,126.6
CCTCTAATCTGCCAAG-1-Anterior,28.1,343.8,179.7
CCTCTCTCCCATCTAG-1-Anterior,17.1,279.8,250.7
CCTCTGGCCTAGACGG-1-Anterior,158.7,101.2,589.3
CCTGAACGATATATTC-1-Anterior,597.3,400.7,238.5
CCTGAATATTTACATA-1-Anterior,25.8,325.2,192.2
CCTGCTATTTGAGAAG-1-Anterior,69.6,165.8,205.6
CCTGGCTAGACCCGCC-1-Anterior,81.2,207.1,250.6
CCTGTAAGACATGATA-1-Anterior,108,403.2,320.5
CCTGTCACCCGGGCTC-1-Anterior,88.2,495.3,219.1
CCTGTCCCTCACGTTA-1-Anterior,367.8,448.5,432.6
CCTGTCGCCCGTAAAT-1-Anterior,228.5,578.1,437
CCTTCTTGATCCAGTG-1-Anterior,48.8,68.6,148.8
CCTTTCAATGAAGAAA-1-Anterior,131.3,563.3,387.8
CGAAGCTATAAATTCA-1-Anterior,54.1,440.3,117.6
CGAAGTTGCTCTGTGT-1-Anterior,38.6,255.8,262.3
CGACAGTTCGCGTTAT-1-Anterior,105.5,447.9,310.3
CGACTCAGGATGTTAT-1-Anterior,53.3,489.3,182.8
CGACTTTGTATAGCCT-1-Anterior,391.3,452.5,422
CGAGAGATGTGAACCT-1-Anterior,89.7,535,330.2
CGAGCTGGGCTTTAGG-1-Anterior,153.6,144.8,469.3
CGAGGCTAAATATGGC-1-Anterior,74.8,515.4,343.5
CGAGTTCTGTCCCACC-1-Anterior,88.7,502.3,333.6
CGAGTTTATCGGACTG-1-Anterior,511.6,421.2,285.3
CGATGGACCCTACGCC-1-Anterior,64.1,508.1,340.2
CGCAAACACGAGTTAC-1-Anterior,120.4,51,209.5
CGCAATTAGGGTAATA-1-Anterior,72,141.7,173.7
CGCAGATCTTCACCCG-1-Anterior,285.9,406.2,330.5
CGCATTAGCTAATAGG-1-Anterior,32.4,378,234.7
CGCCATCCGATTATGA-1-Anterior,80.4,454.4,210.1
CGCCCGCTTCCGTACA-1-Anterior,67.9,43.4,133.1
CGCGAGAGGGACTTGT-1-Anterior,18.7,249.3,35.4
CGCGCCCGACTTAATA-1-Anterior,45.4,230.8,129
CGCGGGAATTAGGCAG-1-Anterior,112.1,532.7,433
CGCGGTCACAAACCAA-1-Anterior,61.6,403.8,129.4
CGCGTTCATGAAATAC-1-Anterior,53.4,300.7,225.7
CGCTCTCCGTAGATTA-1-Anterior,27,283.3,242.7
CGCTGTGACGCCGCAC-1-Anterior,88.9,58.8,168.5
CGCTTTCTTGCATTCG-1-Anterior,368.2,415.7,252.1
CGGAGTTTGAGAGACA-1-Anterior,80.7,58.7,169.6
CGGCAGGGTCGGGTTG-1-Anterior,469.8,409.5,286.4
CGGCCACGCACAAAGT-1-Anterior,147.3,586.3,433.8
CGGCCCAACCTGTAGT-1-Anterior,355.6,273.7,539.5
CGGGATCAATGTAAGA-1-Anterior,61.1,175.6,157
CGGGCAGCTAAACCGC-1-Anterior,132.7,497.8,271.2
CGGGTGTACCCATTTA-1-Anterior,525,401.5,265.3
CGGTAGAGGTGCAGGT-1-Anterior,43.1,474.2,144.6
CGGTATAGGTATTAGC-1-Anterior,122.3,96.6,522.4
CGGTCAAGTGGGAACC-1-Anterior,72.9,512.9,326.2
CGGTCTATCAACCCGT-1-Anterior,42.8,57.8,134.6
CGGTGAAGACTAAAGT-1-Anterior,155.2,120.3,415.6
CGGTGGGCTCCAGCCT-1-Anterior,43,167.5,58.9
CGGTTATCCAACAGTG-1-Anterior,396.9,399.1,240
CGGTTCAAGTAGGTGT-1-Anterior,84.4,469.2,375.2
CGTACCTGATAGGCCT-1-Anterior,80.5,207.9,202.8
CGTATTAAGAGATCTA-1-Anterior,79.3,515.8,248.8
CGTCGGATAGTGTTGA-1-Anterior,516,383.9,274.8
CGTGACATTGGGTCGT-1-Anterior,136.7,127.6,466.1
CGTGTCCCATTCGCGA-1-Anterior,134.9,82.3,275.7
CGTTAGCTCACAACTG-1-Anterior,9.2,54.8,60.8
CGTTCTTCGCACACCT-1-Anterior,72.1,441.4,132.9
CGTTGAGTAATTGCGT-1-Anterior,134.1,104.1,429.7
CGTTGTAAGATTGATT-1-Anterior,374.2,450.7,392.3
CGTTGTTTCAATTCCC-1-Anterior,125.6,368.7,313.6
CGTTTCACTTCGGGCG-1-Anterior,46,252.1,24.4
CGTTTCGCTCATTACA-1-Anterior,117.8,508.4,270.4
CTAAAGAATGCCTACT-1-Anterior,33.8,301.8,260.3
CTAAATCCTATTCCGG-1-Anterior,80.7,514.8,380.7
CTAACCGCGCGCCCGT-1-Anterior,60.7,335.4,297.3
CTAACGAAACTTGCTG-1-Anterior,375.5,426.2,213.5
CTAATTCGCACGCGCT-1-Anterior,95.9,25.1,256.5
CTAATTCTCAGATATT-1-Anterior,366.5,387.9,221.1
CTACCCTAAGGTCATA-1-Anterior,371.3,382.7,222.7
CTACGCACGGAGTACC-1-Anterior,167.3,522.2,393.2
CTACTATCTTTCAGAG-1-Anterior,213.8,567.5,466.1
CTACTCTAGGCCCGGC-1-Anterior,140.2,118.3,468.7
CTACTGCCACCTGACC-1-Anterior,122.3,443.1,221.5
CTAGATGTGAGTGTAA-1-Anterior,491,300.1,350.3
CTAGCATAGTATAATG-1-Anterior,196.4,582.6,445.3
CTAGCCGATGTTATGA-1-Anterior,90.9,554.1,405.9
CTAGGTCTGAAGGAAT-1-Anterior,497.7,292.2,345.2
CTAGTCACGTCTTAAG-1-Anterior,538,420.5,273.5
CTAGTGAAGGACAGGA-1-Anterior,84.2,293.7,292.4
CTAGTTGGGCCCGGTA-1-Anterior,64.4,460.7,223.1
CTATAAGAGCCAATCG-1-Anterior,220.3,551.8,432.9
CTATCGGGTCTCAACA-1-Anterior,368.7,398.1,218.2
CTATGTCACTAGCCCA-1-Anterior,103.7,512.1,295.8
CTATTGTGTTTGGTCA-1-Anterior,17,50,43.1
CTATTTGGTTACGGAT-1-Anterior,560.8,423.7,234.9
CTCAAGACATTAGCGC-1-Anterior,21.2,97.6,31.9
CTCAGTCACGACAAAT-1-Anterior,160.5,533,403.5
CTCATTTGATGGGCGG-1-Anterior,53.3,108.1,112.1
CTCCGGCCTAATATGC-1-Anterior,150.5,132.3,426.5
CTCCTTTACGCAAGTC-1-Anterior,171.3,586.3,453.7
CTCGAGGTCGAACAGT-1-Anterior,71.9,477.9,244.7
CTCGATATTTGCGAGC-1-Anterior,110.3,520.6,445.7
CTCGCACCTATATAGT-1-Anterior,29.5,366.9,205
CTCGTTTCTAATGTTT-1-Anterior,95.9,559.3,442.1
CTCTAATGCATTGATC-1-Anterior,210.1,486.1,447
CTCTCACAATCGATGA-1-Anterior,166.6,541,415.3
CTCTGGACGCCTGGTG-1-Anterior,122.6,552.5,371.3
CTGAAAGAGATCCGAC-1-Anterior,72.8,84.6,279.9
CTGAATTTATTGCCAG-1-Anterior,85.5,543.5,454.3
CTGACTGCGCAGCTCG-1-Anterior,483.3,328.7,318.5
CTGCCAAGGTTGGAAG-1-Anterior,65.9,247,160.9
CTGCGTTACGATATAA-1-Anterior,39.1,107,82.7
CTGCTTTATGTCCGCG-1-Anterior,63.9,523.6,410.7
CTGGAAATGGATGCTT-1-Anterior,41.5,473.5,185.7
CTGGCGACATAAGTCC-1-Anterior,61.3,72.4,280.3
CTGGCGCACAGGTCTG-1-Anterior,599.7,404.2,249.5
CTGGTAACGAGCTCTT-1-Anterior,373.1,390.8,263.7
CTGTCAAATGGCTCGG-1-Anterior,104.2,427.6,210.5
CTGTTCACTGCCTGTG-1-Anterior,100.6,98.8,175.2
CTTACACGGTATTCCA-1-Anterior,55.6,392.9,270.7
CTTAGCCTTCCACATG-1-Anterior,41.3,331.9,178.5
CTTAGTAGGCCTACAG-1-Anterior,485.2,304.5,348.5
CTTCATTGTCAGTGGA-1-Anterior,188.6,591.6,442.4
CTTGTACTTGTTGACT-1-Anterior,117.2,85.5,287
CTTGTGCTCACCGATT-1-Anterior,107.4,459.1,190
CTTTAACTTTCAAAGG-1-Anterior,67.8,289.1,215
CTTTGGCTTTAGTAAA-1-Anterior,51.3,278.7,276.1
GAAACCATGGTGCGCT-1-Anterior,353.8,399.8,252.2
GAAAGAACAGCGTTAT-1-Anterior,537,354.3,294.5
GAAAGCCCTTTGGACC-1-Anterior,177.3,107.2,523.9
GAAATATCACCATCAG-1-Anterior,164.8,108.4,463.3
GAAATATGCTTGAATG-1-Anterior,20.3,261.2,36.5
GAAATCGCGCGCAACT-1-Anterior,122.9,114,304.1
GAAATGGCGGTGTTAG-1-Anterior,103.1,441.9,229.6
GAAATTAGCACGGATA-1-Anterior,59,273.2,98.2
GAACACACATCAACCA-1-Anterior,65.5,16,165.1
GAACGACCGAATGATA-1-Anterior,92.4,31.4,273.3
GAACGTCTCATGGTCG-1-Anterior,349.6,409.4,238.6
GAAGCGTGAGGAATTT-1-Anterior,133.4,557.1,430.6
GAAGCTTGCTGACCGC-1-Anterior,107.4,47.4,193
GAAGTCTCCCTAGCGA-1-Anterior,578.9,409.3,275.2
GAAGTTTCCACTCAAT-1-Anterior,82.4,496.3,254.4
GAATAGCCCTGCGGTC-1-Anterior,49.9,452.2,118.4
GAATCGACATGGTCAC-1-Anterior,101.8,71.4,203.3
GAATGTATGGCAGGTC-1-Anterior,53.3,105.3,172.2
GAATGTTGGGTAATCT-1-Anterior,18.8,295.1,163.6
GAATTATAGTGAAAGG-1-Anterior,227.9,564.5,449.1
GAATTTCTCGCTGCAG-1-Anterior,120,125.3,483
GACAACGACCATTGAA-1-Anterior,67.8,453.9,270.5
GACAACGCAGCTTACG-1-Anterior,145.1,93.9,378.8
GACACAAGGGAAGAAA-1-Anterior,166.9,600,416.1
GACCAGAGCCCTGTAG-1-Anterior,110.9,434.6,218.3
GACCGACTGAAGCGTC-1-Anterior,176.6,135.2,494.8
GACGGTCAATAGAAGC-1-Anterior,401.9,370.5,257.4
GACGTGTAGGGATTAT-1-Anterior,378.6,450.5,440.8
GACTAAGATCATGCAC-1-Anterior,96.7,63,218.2
GACTAAGTAGGCTCAC-1-Anterior,85.7,66.6,233.7
GACTCCCAGAATAAGG-1-Anterior,274.8,395.7,344.6
GACTCGCGGGAATGAC-1-Anterior,223,502.8,460.1
GAGACCCTGCAACGCC-1-Anterior,70.2,109.1,356.5
GAGACTGATGGGTAGA-1-Anterior,59.4,475.4,198.2
GAGATCTGCTTGGCAT-1-Anterior,127.3,386.1,302.2
GAGATCTGTCACTCCG-1-Anterior,154.6,518.8,454.4
GAGCCGAGCGTTTATT-1-Anterior,22.2,76,18.4
GAGCTAAGGGCATATC-1-Anterior,134.4,559.4,453.8
GAGCTGTCGTCTCGGA-1-Anterior,91.8,412.7,204.7
GAGGAATGGAGAGGTT-1-Anterior,157.6,131.5,540
GAGGCTATCAAAGTCG-1-Anterior,92.4,55.5,306.2
GAGGGCGCAGCTCTGC-1-Anterior,120.4,515.2,412.1
GATATGCGGTAGCCAA-1-Anterior,44.4,308.5,106.2
GATATTGAGATTGGCG-1-Anterior,529.2,356.5,287.7
GATATTTCCTACATGG-1-Anterior,39.6,141.1,60.1
GATCATTCCAAACATT-1-Anterior,60.9,501.7,272.6
GATCCCTTTATACTGC-1-Anterior,126.6,431.7,246.1
GATCCTAAATCGGGAC-1-Anterior,175,519.8,448
GATCGACACTATCTGA-1-Anterior,83.9,174.1,210.8
GATCGCGGGCTCTCCA-1-Anterior,102.7,551.6,372.6
GATCGGTGGCCATAAC-1-Anterior,68.8,501.6,291.9
GATCTTTGCAGGGTAT-1-Anterior,72.2,385.6,296.8
GATGACGATGATCGCG-1-Anterior,39.3,449.3,89.6
GATGCGTCCTGCATTC-1-Anterior,193.7,583.3,402.5
GATTCCCTTGTCGCAG-1-Anterior,79,441.1,214.6
GATTCCGCGTTTCCGT-1-Anterior,140.7,108.5,423.3
GCAAATATTACGCTTT-1-Anterior,99.8,402.5,276.9
GCAACCACCAGACCGG-1-Anterior,24.9,54.4,171
GCAAGATGTGTTCGCG-1-Anterior,109.4,132.9,382.5
GCAAGTGCACAGAGAA-1-Anterior,120.1,31.1,264.6
GCAGATTAGGGATATC-1-Anterior,240,529,432.7
GCAGCCTATATCACAT-1-Anterior,383.9,464.2,373.3
GCAGCTATGGACAGGT-1-Anterior,0,85.8,34.9
GCAGGACTATAGAATA-1-Anterior,49.1,328,295.1
GCAGGTAGAGTATGGT-1-Anterior,50.7,261.3,78.5
GCATAGAGCACTCAGG-1-Anterior,213.1,579.9,444.5
GCATGAGGGACGCGGC-1-Anterior,309.6,421.4,334.9
GCATTCAAGGCAACGC-1-Anterior,387.5,411.5,257.1
GCATTTCCAAGGCTCC-1-Anterior,375.8,288.4,472.8
GCCAACCATTTCCGGA-1-Anterior,344.5,414.1,405.1
GCCAATAGGGCATCTC-1-Anterior,182.3,497.3,481.9
GCCAGGAGTAACCGAT-1-Anterior,99.4,428.3,203.1
GCCATATTGCACACAG-1-Anterior,113.7,432.6,193.3
GCCATCGATGCTGCAT-1-Anterior,374.6,277.1,493.4
GCCCGTAATACCTTCT-1-Anterior,109.5,529.2,270.6
GCCGAAATTCCTACGT-1-Anterior,92.1,456.2,308.9
GCCGCTTGTGAGAAAC-1-Anterior,89.7,392.3,311
GCCTATAGTGTCAGGG-1-Anterior,213.4,532.7,488.5
GCCTATGCTGGGCCTT-1-Anterior,46.8,454.9,110
GCGAAGCCATACCCGT-1-Anterior,61.8,522.9,243.7
GCGACATGTAAACATC-1-Anterior,368.7,441.4,310.8
GCGAGAGGCCATGTAA-1-Anterior,124.5,586,453.3
GCGAGAGTTGCGTCCA-1-Anterior,474.4,319.5,327.9
GCGAGCGCATGCTCCC-1-Anterior,382.1,445.4,367.7
GCGAGGCCCGAGCAGA-1-Anterior,85.1,524.2,335.5
GCGAGTTCTGCAAAGA-1-Anterior,193.2,588.9,409.4
GCGATTGTTAACGTTA-1-Anterior,548.3,422.8,284.3
GCGCATCCAGTCAGCA-1-Anterior,346.3,417.3,266.5
GCGCTAATTGAATAGA-1-Anterior,368.3,414.7,246.6
GCGCTGATCCAGACTC-1-Anterior,49,101.8,83.5
GCGCTGCTTTGCATTT-1-Anterior,219.3,482.8,457.6
GCGGTGAACTGCGCTC-1-Anterior,68.8,451.6,122.1
GCGTAAATGGCCATAA-1-Anterior,495.8,341.2,312
GCGTCGAAATGTCGGT-1-Anterior,145.1,138.8,519.2
GCGTGGTACTGGGTTA-1-Anterior,570.5,395.9,255.8
GCGTTCGGAGACCGGG-1-Anterior,109.4,430.8,205.1
GCTAAGTAGTTTCTCT-1-Anterior,562.6,414.6,227
GCTAATACCGAATGCC-1-Anterior,161.8,104.5,506.9
GCTAGCAGGGAGTGGG-1-Anterior,48.9,157.6,85.6
GCTCATTACTGCATGT-1-Anterior,39.8,35.4,164.4
GCTCGGAATTTAAAGC-1-Anterior,36.9,331.4,155.5
GCTCTAAACCCTGACG-1-Anterior,71.4,178.9,157.6
GCTCTATGTTACGTGC-1-Anterior,53,21.7,189.6
GCTCTCGGGTACCGAA-1-Anterior,76.5,307.5,248.6
GCTGCTCTCCGGACAC-1-Anterior,89.4,536.9,247.3
GCTGGACCCAAAGTGG-1-Anterior,23,102.4,35.4
GCTGGCATATTCACCT-1-Anterior,99,28.6,239.5
GCTGGTGACTCGTAGT-1-Anterior,122.6,122.6,467.5
GCTTACGTAGTTAGTA-1-Anterior,378.8,439.3,461.1
GCTTATGAAGCAGGAA-1-Anterior,562,397.6,273
GCTTCCGTCCCTAGAC-1-Anterior,93.6,534.3,318.7
GCTTGGATCGATTAGG-1-Anterior,404.4,380.1,251.7
GCTTTCAGAGGAGGTG-1-Anterior,533.6,384,261.9
GGAAACCTTGTTGAAT-1-Anterior,85.1,443.1,146.8
GGAAAGTGCCCATGCC-1-Anterior,57.6,364,182.1
GGAATGCGCTAGCGTG-1-Anterior,375,395.4,234.3
GGACCTACGGTAACGT-1-Anterior,34.6,309.7,105.3
GGACGTCCATAGTTGG-1-Anterior,32.7,122.6,54.2
GGAGAAGTCATTGGCA-1-Anterior,149.5,108.7,561.3
GGAGCACCAAGAACTA-1-Anterior,92.6,490.3,311.6
GGAGGGCTTGGTTGGC-1-Anterior,348.4,401.3,260.8
GGATCATCCCGTACGC-1-Anterior,28.3,262.2,33.1
GGATCCGGAATATACT-1-Anterior,595.9,404.2,236.3
GGATGACGCGAGTTTA-1-Anterior,144.5,497,298.7
GGATGTCCTTACCGCA-1-Anterior,587.4,393.9,255.3
GGATTCCGCTATACCC-1-Anterior,56.7,130.9,115.1
GGATTTCACTTCTATA-1-Anterior,351.1,411.3,231.5
GGCAATAGTCAATGAG-1-Anterior,120.4,562.4,363
GGCACTCCACTGGGCA-1-Anterior,101.5,424.8,285.1
GGCAGCGGTAATCCTA-1-Anterior,14.3,71.7,64.9
GGCATACAGGTAGCGG-1-Anterior,113.2,181.3,261.1
GGCATATCGGTTCTGC-1-Anterior,78.6,97.5,272.6
GGCCCTCACCCACTTA-1-Anterior,142,137.6,502
GGCGCAGGACATCTTC-1-Anterior,102.6,38.9,219.1
GGCGGAGTAATATTAG-1-Anterior,38.6,436.1,225.7
GGCGGTAGGATCATTG-1-Anterior,151.7,576,432.7
GGCGTCCTATCCGCTG-1-Anterior,119.8,65,214.4
GGCTAAAGGGCGGGTC-1-Anterior,45.2,449.8,138
GGCTAATGATTGAAAT-1-Anterior,68.8,115.3,351.7
GGCTATTAAGTTGTAT-1-Anterior,59.2,316.4,276.7
GGCTCGCGTTGAGGTA-1-Anterior,396.8,410.5,216.5
GGCTCTGCTCCAACGC-1-Anterior,48.4,428.6,271.8
GGGAATGAGCCCTCAC-1-Anterior,92.4,457.4,167.1
GGGACTGCATAGATAG-1-Anterior,135.2,526.1,364.5
GGGAGAACTCACAGTA-1-Anterior,108.7,545.8,302.1
GGGAGGATGCCCGAAA-1-Anterior,102.1,545.1,348
GGGAGTTAATGAGGCG-1-Anterior,382.6,427.9,283
GGGCCGGCCGAAGTAC-1-Anterior,576.3,394.9,239.9
GGGCGATATGTGTGAA-1-Anterior,58.9,432.5,227.7
GGGCGTACATTTATAT-1-Anterior,61,139.9,150.8
GGGCGTCCACTGGCTC-1-Anterior,81.8,61.6,271.2
GGGCTCATCGAACCCA-1-Anterior,111.1,516.2,273.5
GGGCTGCCTAGGGCGA-1-Anterior,197.9,553.6,473.5
GGGCTGGTTAGTCGCG-1-Anterior,43.4,475.6,168.3
GGGTACTTCATGAACT-1-Anterior,64.2,399.1,309.1
GGGTATGTATGCACTT-1-Anterior,151.9,115.3,600
GGGTCACCGTGACGGT-1-Anterior,77.7,496.3,309.1
GGGTCGTGGCAAGTGT-1-Anterior,225.5,503.7,429.9
GGGTGCATATGAAAGC-1-Anterior,368.6,281.2,498.1
GGTACCATTAAGACGG-1-Anterior,485.4,291.2,356.7
GGTAGTGCTCGCACCA-1-Anterior,386.9,431.3,235.2
GGTATAGTGACACATA-1-Anterior,372.2,274.1,510.4
GGTATTGCCGAGTTTA-1-Anterior,80,534.8,242.4
GGTCGGATAAACGGCG-1-Anterior,87.1,521,432
GGTCGGCCAGGAGCTT-1-Anterior,372.7,402.5,213.1
GGTCTGAGAATCTGGA-1-Anterior,183.5,531.3,418.2
GGTGATAAGGAGCAGT-1-Anterior,556.2,420.5,277.9
GGTGCAGAGCCTATCG-1-Anterior,5,63.3,44.8
GGTTAGGCTTGGAGAA-1-Anterior,110.1,47.3,225
GGTTTAATTGAGCAGG-1-Anterior,330.2,278.7,535.6
GGTTTACAATCTCAAT-1-Anterior,65.6,455.4,237.9
GGTTTCAATCGGTCAG-1-Anterior,553.7,399.5,268.1
GGTTTGACAAGAAGCT-1-Anterior,10.2,57.5,25.2
GTAAGCGGGCAGTCAG-1-Anterior,61.7,235.3,166.4
GTAAGTAGGGTATACC-1-Anterior,152.4,100.9,392.2
GTAATAAAGGGCTCCC-1-Anterior,487.8,294,353.4
GTACACTTACCTGAAG-1-Anterior,334.6,414.1,328.4
GTACAGAGGCAAGGGT-1-Anterior,574.9,412.6,260.7
GTACGAGATTGCGACA-1-Anterior,107.7,87.9,234.9
GTACGTCACGTATTAA-1-Anterior,89.4,110.9,418.3
GTACTAAGATTTGGAG-1-Anterior,46.6,348.3,227.6
GTACTCCCTTATCGCT-1-Anterior,124.3,75.9,261.4
GTACTCCTGGGTATGC-1-Anterior,170.9,537.7,491.5
GTACTGGAGTTAGACC-1-Anterior,534,407,254.4
GTAGCTTCCTCTTGTT-1-Anterior,370.3,435.8,237.4
GTAGGTGATCCGTGTA-1-Anterior,51.1,26.7,198.5
GTATAGGACTCAGTAG-1-Anterior,81.3,32,242.1
GTCAGAATAGTCTATG-1-Anterior,103.8,37.8,264.2
GTCATGCACCTCCGTT-1-Anterior,111.1,488.6,254.1
GTCATGGACATGACTA-1-Anterior,46.7,451,223.5
GTCATTAGAGCGAACG-1-Anterior,544,422.7,252.4
GTCCCAACGTAAAGTA-1-Anterior,305.1,423.3,316.5
GTCCGGCTGAATTGCG-1-Anterior,57.6,341.7,231.3
GTCGGAAGGATACCAG-1-Anterior,12.5,95.8,13
GTCGGATATCTCAGAC-1-Anterior,71.7,241.1,275.4
GTCGGATGTAGCGCGC-1-Anterior,47,61.2,185.3
GTCGTACCTACGATTG-1-Anterior,148.8,93.3,564.5
GTCGTATTGGCGTACA-1-Anterior,47.1,322.7,174.5
GTCGTGTCTGGTCATC-1-Anterior,387.4,461.4,456.9
GTCTCGACTAAGTTTG-1-Anterior,381.5,424.2,237.8
GTCTCGATCTGCTTTC-1-Anterior,43.3,214.1,154
GTGAAACGGCGCCACC-1-Anterior,88.2,484.4,264.9
GTGAACTCCCATTCGA-1-Anterior,490,275.3,372.3
GTGAAGATTTCAAGTG-1-Anterior,108.2,407.9,323
GTGAAGCCGTATAGTC-1-Anterior,66.6,519.1,391.5
GTGACGAGGGTGACCC-1-Anterior,368.2,291,471.7
GTGAGCGTGCTGCACT-1-Anterior,177.6,112.6,427
GTGAGGAGCGGTTGAG-1-Anterior,147.9,108.6,463.9
GTGATGCACAACATCT-1-Anterior,124.9,104.3,497
GTGCACGAAAGTGACT-1-Anterior,133.5,112.7,391.7
GTGCGACAGGGAGTGT-1-Anterior,568.7,368.5,284.3
GTGCGGGTCTCCAAAT-1-Anterior,86.4,49.7,314.7
GTGCTCAAGTACTGTC-1-Anterior,159.6,503.7,327.8
GTGGAACCTACATGCG-1-Anterior,152.5,137.5,518.4
GTGGGCTTAGACACAC-1-Anterior,83.6,87.9,162.9
GTGGTTACTTCTTTCG-1-Anterior,484.3,279,364.8
GTGTACCTTGGCTACG-1-Anterior,79.2,478.5,234.1
GTGTGAATAACTTAGG-1-Anterior,565.9,402.8,244.2
GTTACAATTGGTGACG-1-Anterior,100.3,237.3,291.8
GTTAGCCGTAAATCAA-1-Anterior,361.3,263.7,538.5
GTTATATCAGGAGCCA-1-Anterior,387.7,443.5,250.8
GTTCACAGGAGTCTAG-1-Anterior,99.4,133.9,207.1
GTTCATCGTTTGGCTG-1-Anterior,487.9,275.4,372.2
GTTCGCCATAAGTGCC-1-Anterior,172.9,565.7,415
GTTCGGGCGTACCATT-1-Anterior,307.2,396.2,335.1
GTTGCACGGAGTTTCG-1-Anterior,104.4,58,182.2
GTTGGACCGCATCAGG-1-Anterior,81.5,555.1,448.4
GTTGGATTCAGTGGCT-1-Anterior,57.4,215.7,81.9
GTTGGATTGAGAACAC-1-Anterior,489,409.7,269.8
GTTGGATTTGCGTTGG-1-Anterior,82.8,543.6,301.1
GTTTCCTGGAGGGTGA-1-Anterior,83.6,90.6,152
GTTTGACCAAATCCTA-1-Anterior,62.9,510.6,255.4
TAAAGCGTTAGGAGAA-1-Anterior,158,546.5,429.7
TAAAGCTGCAATAGGG-1-Anterior,26.6,247.5,26.4
TAAATGCCGTCTCATG-1-Anterior,89,125.9,356.5
TAACCTACCGTCCGAG-1-Anterior,477.9,333,310.5
TAACTATTACGCCAAA-1-Anterior,477.6,344.3,308.9
TAAGCCCTTACGACCA-1-Anterior,25.3,117.5,30.2
TAAGGCAACATAAGAT-1-Anterior,40.1,446.8,234.9
TAATAAACAAGGAGAT-1-Anterior,40,208.7,53.8
TAATACACAGTAGTAT-1-Anterior,65.4,48.7,143.3
TAATAGTGACGACCAG-1-Anterior,95.8,555.2,432.4
TAATCGATCCGTACGT-1-Anterior,94.4,520.2,352.7
TAATTGGAATCGGGAA-1-Anterior,40.9,273.2,52.9
TACAAGTCTCGTGCAT-1-Anterior,161.7,124.4,400.7
TACCGCGGACTTGCAG-1-Anterior,522.1,393.8,267.8
TACGAACACGACTTCA-1-Anterior,126.6,464.5,252
TACGAGAACTTCACGT-1-Anterior,37.3,412.7,244.3
TACGATGTTGATCATC-1-Anterior,71.6,256.1,268.9
TACGCTATAGAAACCT-1-Anterior,490.3,281.4,365.4
TACGGGATGCTAGCAG-1-Anterior,21.8,264.5,74.1
TACTCGGCACGCCGGG-1-Anterior,182.2,122.7,470.6
TACTCTCCGAACAAAT-1-Anterior,28.3,267.6,71
TACTGCAATCAATTAC-1-Anterior,92.4,530.7,374
TACTGGACAGCTCGGC-1-Anterior,108.3,54.4,236.5
TACTTGTTAGTAGTCC-1-Anterior,389.8,411,223.9
TACTTTACTGAGCCGG-1-Anterior,389.4,416.7,265.4
TAGAAAGGTGGCGCTA-1-Anterior,219.4,503.6,444
TAGACGCCCGTACCGG-1-Anterior,518,397.2,261
TAGAGTCTAAGCGAAC-1-Anterior,33.7,473.8,189.3
TAGCCGGCGGTCAGCG-1-Anterior,546.2,396.6,257.1
TAGCTAAGTCCGGGAG-1-Anterior,46,466.5,173.8
TAGGCATGTTACGCCA-1-Anterior,106,413.6,195.5
TAGGGAGCTTGGGATG-1-Anterior,575.4,375.4,268.7
TAGGGTGTTTCAAGAG-1-Anterior,79.1,20.2,232.2
TAGGTCGCCGGAACTG-1-Anterior,479.1,345.8,295.6
TAGGTGAGCCCTACTC-1-Anterior,85.1,12.6,205.1
TAGGTTCGAGTTCGTC-1-Anterior,356.2,400.4,276.4
TAGTCTGTGACGTTGC-1-Anterior,80.7,547.9,408.3
TAGTGCCCTCCAGAGT-1-Anterior,99.8,504,257.3
TATATCCCTGGGAGGA-1-Anterior,600,392.7,248.3
TATATTACAAATGTCG-1-Anterior,56.3,270,69.5
TATCACCCAACCGACC-1-Anterior,151.3,586.9,432.7
TATCACTTCGAGTAAC-1-Anterior,27.4,242.7,19.8
TATCGATCTATGCATA-1-Anterior,47.2,470.6,137.7
TATCGATGATTAAACG-1-Anterior,57,24.5,133.6
TATGATCCGGCACGCC-1-Anterior,250,407.7,332.5
TATGCTCCCTACTTAC-1-Anterior,56.6,294.7,254.6
TATGGATGTGCTACGC-1-Anterior,70.2,249.3,225.3
TATGGCCCGGCCTCGC-1-Anterior,123.8,28.5,210.2
TATGGGACCGAGCAGG-1-Anterior,169.9,533,338
TATGGGTACGTATCGT-1-Anterior,93.9,520.4,228.4
TATGGTCTGAGTAACA-1-Anterior,201.9,592.3,436.6
TATGTCAAGACCGACT-1-Anterior,54.9,370.5,188.1
TATGTCTCATTGTGCC-1-Anterior,198.2,546.2,472.4
TATTCAATTCTAATCC-1-Anterior,369.1,401.3,252.3
TATTCGTGCCAGAATA-1-Anterior,171.1,582.6,454
TATTTAGTCTAGATCG-1-Anterior,146.5,102.8,538.2
TATTTATACCGAGTAG-1-Anterior,113.1,98.5,358.6
TATTTGTTACCCTTTA-1-Anterior,130,32.9,233.5
TCAAACAACCGCGTCG-1-Anterior,63.6,226,190.8
TCAAACTTAGATTGTT-1-Anterior,150.8,521,349.4
TCAACCATGTTCGGGC-1-Anterior,81,119.8,159.6
TCAAGAAATACTAGCT-1-Anterior,377,419.3,230.8
TCACAGGTTATTGGGC-1-Anterior,24.1,473.2,185.2
TCACCGCTCGGCACTC-1-Anterior,352.8,411.6,254.5
TCACGCATTGTAGATC-1-Anterior,135.9,464.2,234
TCACGGTCATCGCACA-1-Anterior,106.7,94.3,408.2
TCACTACGACCAATGC-1-Anterior,55.5,88.6,304.5
TCACTCGTGCAACGGC-1-Anterior,33.1,114.7,46.6
TCAGAACCTCCACAGG-1-Anterior,479.2,276,364.4
TCAGCAAATGCATCTC-1-Anterior,150.4,564,471.8
TCAGGGTGTAACGTAA-1-Anterior,93.1,514.3,299.2
TCAGGTTCTTTGAGAA-1-Anterior,74.4,261.4,256.1
TCAGTACTGACCCGCG-1-Anterior,167.7,100.4,506.1
TCATGCAGGTTCTCAT-1-Anterior,56.5,118.1,184.1
TCATTTAAGTCTCCGA-1-Anterior,590.1,404.2,268.8
TCCACAATGGTTTACG-1-Anterior,100.5,94.8,235.8
TCCACTTTATCTAGGT-1-Anterior,207,501.5,425.3
TCCAGATGTACGCCAA-1-Anterior,377.9,439.8,224.6
TCCAGGCGAGTACGGT-1-Anterior,80.6,515.8,258.1
TCCCAAACAGACAACG-1-Anterior,144.9,591.6,446.2
TCCCAAAGACGAAGGA-1-Anterior,92,352,262
TCCCACTCTCTTCCGG-1-Anterior,299.5,410,338.5
TCCCAGCTTTAGTCTG-1-Anterior,105.7,571.4,394.7
TCCCAGGCTTAGCTAA-1-Anterior,33.3,438.4,202.1
TCCCGCGTACTCCTGG-1-Anterior,130.8,455.2,277.2
TCCCGGGTGTGCTGCT-1-Anterior,62,255.9,281.4
TCCCGTCAGTCCCGCA-1-Anterior,23.5,383.2,203.3
TCCCGTCGCGTCATAG-1-Anterior,365.6,289,485.4
TCCCTAGATCAATAGG-1-Anterior,355.2,273.4,531.2
TCCCTGGCTCGCTGGA-1-Anterior,109.4,11.1,239.5
TCCCTTAGATTACTCG-1-Anterior,51.9,159.2,130.8
TCCGAAGTAGTCACCA-1-Anterior,26,90.9,31.7
TCCGAATGGTCCTGAG-1-Anterior,368.8,294.9,461.5
TCCGATAATTGCCATA-1-Anterior,148.7,104.9,399.7
TCCGATGACTGAGCTC-1-Anterior,20.2,299.9,123.9
TCCGATGGTGCGACAT-1-Anterior,108.8,193.1,245.4
TCCGATTACATTGCCG-1-Anterior,128.1,117.9,249.9
TCCGCGGCAGCATCTG-1-Anterior,572.8,415.7,287.7
TCCGGAGGAAGGGCTG-1-Anterior,29.9,87.1,53.3
TCCGGCCTAGCGTACA-1-Anterior,342.4,424.6,275.8
TCCGTTTAGCCTTGAA-1-Anterior,190.8,484.3,446.5
TCCTCTACGAGATGGC-1-Anterior,161.7,81.3,586.6
TCCTGCCAACTGGAGA-1-Anterior,161.3,114.8,567.1
TCCTGGCGCTGCCTGG-1-Anterior,4.5,61.8,13.6
TCCTTTCTTACGCTTA-1-Anterior,110.5,481.7,271.2
TCGAAATTTAGGACCA-1-Anterior,32.9,294.3,224.4
TCGAGACCAACACCGT-1-Anterior,166.2,579.5,431.9
TCGCCGGTCGATCCGT-1-Anterior,111.6,58.3,310.3
TCGCGTCCAGAAGGTC-1-Anterior,104.4,7.9,232.8
TCGCTAAACCGCTATC-1-Anterior,76.8,254.2,114.2
TCGCTCGATATATTCC-1-Anterior,122.3,490.5,253.3
TCGCTCGGCACCAGCG-1-Anterior,203.2,497.4,471
TCGCTGGGCGGATTGT-1-Anterior,84.7,481.5,331.7
TCGCTTTAAACGTTTG-1-Anterior,71.2,488.1,304.3
TCGGAATGCGCTCTGA-1-Anterior,148.1,116.7,442
TCGGACGCCCAGCCCA-1-Anterior,401.5,395.8,271.1
TCGGAGTACATGAGTA-1-Anterior,213.2,534.4,458.9
TCGGGAACGTGCCTAG-1-Anterior,375.1,286.3,479
TCGGTGACCGCTCCGG-1-Anterior,34.8,183.3,40.2
TCGTAAGACGACATTG-1-Anterior,67.5,542.7,297.5
TCGTAAGCTCCGAGGA-1-Anterior,39,242.2,46.7
TCGTATTACCCATTGC-1-Anterior,120.6,43,281.8
TCTACCGTCCACAAGC-1-Anterior,60.7,459.8,262.1
TCTAGCATCTTCGATG-1-Anterior,133.1,133.1,439
TCTAGGTGGCGACGCT-1-Anterior,380,415.7,233.2
TCTAGTTATCAGAAGA-1-Anterior,75.2,538.1,281
TCTATCGGTCGCAACA-1-Anterior,70.2,136.3,157
TCTCCAACGTAGGTTA-1-Anterior,42.8,189.1,132.3
TCTCGAACGAGGTCAC-1-Anterior,107.5,116.1,412.5
TCTCTAATAGCTGGTA-1-Anterior,128.6,115.6,427.8
TCTGAATTCCGTACAA-1-Anterior,551.2,383.9,290
TCTGTGCCATCATAGT-1-Anterior,365.2,403.7,221.7
TCTTACCGGAACTCGT-1-Anterior,101.3,437.7,237.5
TCTTCCCATGGGCACA-1-Anterior,521.8,386.5,273.8
TCTTCGATACCAATAA-1-Anterior,157.2,574.4,413.4
TCTTGATGCGTAGCGA-1-Anterior,189.1,587.6,411.2
TCTTGGTAACACCAAA-1-Anterior,48.6,83.9,98.6
TCTTTAAGACTATGAA-1-Anterior,561.5,385.1,278.6
TGAAAGGACCTGACTC-1-Anterior,599.7,396.7,248.8
TGAATATGCTATAAAC-1-Anterior,13.5,253.1,54.1
TGACACTTCTCTTTGC-1-Anterior,34,221.5,23.2
TGACATCGAGCGGACC-1-Anterior,568.4,367.4,278.3
TGACCCACGTTAGACA-1-Anterior,40.6,472.9,157.9
TGACGATGCACTAGAA-1-Anterior,582.5,395,283.3
TGAGATTAGGCCCTAA-1-Anterior,52.4,165.2,86
TGAGCTTTAATGACGC-1-Anterior,68.8,219.8,136.8
TGAGTGGTCCGTGACG-1-Anterior,206.5,542.3,471.9
TGATCCCAGCATTAGT-1-Anterior,380.8,447.2,254.6
TGATCGGTTTGACCCT-1-Anterior,60,382.4,266.6
TGATCTACGCTGATCT-1-Anterior,59.5,229.6,70.5
TGATCTCCGGCGCCAG-1-Anterior,23.4,293.2,225.6
TGATGGCTGTTTCTGA-1-Anterior,362,293,472.8
TGATTATGGCACGCAG-1-Anterior,27.2,54.6,78.8
TGATTCGTCTATCACT-1-Anterior,77,275.3,271.8
TGCAAGAATGACGTAA-1-Anterior,73.3,477.8,231.7
TGCAATTTGGGCACGG-1-Anterior,21.8,108.7,23.8
TGCACAGTGAAGTTAT-1-Anterior,104,38.9,341.6
TGCAGGATCGGCAAAG-1-Anterior,36.2,433.6,240.2
TGCATATGTCTGTCAC-1-Anterior,554.2,416.4,287.5
TGCATGGATCGGATCT-1-Anterior,56.8,51.8,134.5
TGCATGTGGTAATCTA-1-Anterior,167.6,545.4,398.7
TGCCACCTGGCGAAAC-1-Anterior,50.8,161.9,113.2
TGCCATTACTAAAGAA-1-Anterior,43.8,331.2,183.1
TGCCTGATCAAACGAT-1-Anterior,51.3,82,95.2
TGCGAGATGGCGGCCA-1-Anterior,69.6,119.6,330
TGCGAGCCCTTCCGCG-1-Anterior,67.3,65.3,299.9
TGCGCAAAGCATTTGG-1-Anterior,90.2,558.4,339
TGCGCGATTAACGGAG-1-Anterior,78.9,46.6,245.1
TGCGGAGTAAAGGTGC-1-Anterior,90.8,251.6,213.8
TGGAACCACTGACACA-1-Anterior,105.5,561.8,443.4
TGGAAGGATAAAGATG-1-Anterior,50.9,81,130.2
TGGAATATCCTTGACC-1-Anterior,144.8,568.7,457.1
TGGACTGTTCGCTCAA-1-Anterior,580.4,428,250.4
TGGAGTGATGCGATGA-1-Anterior,70.9,193,231.3
TGGCAACTCGCGCGCC-1-Anterior,84.6,378.9,206.2
TGGCCAAACTGAAGTA-1-Anterior,95.1,535.3,376.4
TGGCCGTATATTGACC-1-Anterior,129.9,76,309.1
TGGCTTGTACAAGCTT-1-Anterior,34.2,282.4,108.1
TGGGATGCACTCATTC-1-Anterior,130.4,89.6,339.9
TGGGCCACAAGAGCGC-1-Anterior,31.3,37.9,140.6
TGGGTGGGATGTCATT-1-Anterior,128.3,128.4,455.4
TGGTCTGTTGGGCGTA-1-Anterior,80.2,186.7,231.7
TGGTTAAGGGCGCTGG-1-Anterior,328.4,281.8,528.2
TGGTTCGTAGCAAAGG-1-Anterior,64.6,75.7,138.2
TGGTTTAAACGTGGGT-1-Anterior,384.7,445.7,334.4
TGTAGGAGAAATTTCC-1-Anterior,542.1,400.4,243
TGTAGTGATCTATAAT-1-Anterior,22.4,278.1,264
TGTATAACAGATCCTG-1-Anterior,172.4,584.8,425.8
TGTATCAGACTGAAGC-1-Anterior,107.2,101.4,466.8
TGTCATTTGTTGGGAA-1-Anterior,81.3,547.5,423.2
TGTCCTAAGTCACCGC-1-Anterior,111.8,108.6,241.4
TGTGACTACGCCAGTC-1-Anterior,60.3,230,144
TGTGGCAAAGCGTATG-1-Anterior,210,541.7,442.5
TGTTCCGCTTCCATGA-1-Anterior,83.7,501.6,337.9
TGTTCTTCCATTGACT-1-Anterior,34.5,462,197.7
TGTTGTCAAGAAGTCT-1-Anterior,74.2,474.5,176.8
TTAAACTCGAATTCAT-1-Anterior,379.5,394.6,225.4
TTAACCAACCCTCCCT-1-Anterior,155.1,96.1,468.7
TTAACGAACAAGCAGT-1-Anterior,188.5,578.6,479.5
TTAAGCGCCTGACCCA-1-Anterior,63,304.2,249.7
TTAATCAGTACGTCAG-1-Anterior,59.3,59.5,117.4
TTAATGTAGACCAGGT-1-Anterior,105,553.9,399.9
TTAATTTCAGACGCGG-1-Anterior,176.5,140.5,442.3
TTACAACTACGCATCC-1-Anterior,68.2,81.8,212.3
TTACAGACCTAAATGA-1-Anterior,163.4,521,468.5
TTACCATTGATTACCC-1-Anterior,135.3,58.1,284.6
TTACCCATTGCCGGGT-1-Anterior,52.3,70.7,110.6
TTACGGATGGTTCGAG-1-Anterior,539.8,409.1,257.8
TTACTCCGGCCGGGAA-1-Anterior,564.6,401.4,261.1
TTACTGTCTAGAGCTC-1-Anterior,55.6,428.9,253.1
TTAGACACGATCGTTG-1-Anterior,43.8,31,151.4
TTAGCTAATACGATCT-1-Anterior,83.6,504,376.2
TTAGTAGGGCGGCGGG-1-Anterior,101.5,16.8,276.6
TTAGTTCAAGTGTTCG-1-Anterior,154.6,578.4,472.8
TTATATTTGGCAATCC-1-Anterior,60.4,465.6,208.7
TTATCTGTATCATAAC-1-Anterior,81.4,143.4,185.2
TTATGACAAACTGGAT-1-Anterior,113.3,43.4,328.8
TTCAAAGTCTCTAGCC-1-Anterior,572.9,425.1,264.5
TTCATGGCGCAACAGG-1-Anterior,50.4,53.2,103.9
TTCCAATCAGAGCTAG-1-Anterior,74.8,469.5,327.3
TTCCATCATGCGGTGA-1-Anterior,26.4,47,95.3
TTCCGCAGAGAAATAT-1-Anterior,61.9,423.6,136
TTCCGGCTCGACTTCT-1-Anterior,14.4,66.6,28.7
TTCCTCGAGGGTGTCT-1-Anterior,169.2,136.3,461.5
TTCGACGGGAAGGGCG-1-Anterior,89.9,0,219.7
TTCGCACTCGCGTGCT-1-Anterior,126.9,48.8,220.8
TTCGCTATCTGACGTG-1-Anterior,103.5,421.2,260.3
TTCGGCAACCCGCTGA-1-Anterior,59,69.7,164.3
TTCGGGACTAATCGCG-1-Anterior,550,418.2,260.2
TTCGTACTCCAGAACG-1-Anterior,140.3,135.7,474.2
TTCGTTCAACGAAGTT-1-Anterior,97.1,560.2,435.7
TTCTAACCGAAGCTTA-1-Anterior,586.4,391.5,250.7
TTCTAGGCCAATTGTG-1-Anterior,162.9,115.6,498.4
TTCTGCTAGACTCCAA-1-Anterior,373.8,391,235.8
TTCTTGGAGTAATGAG-1-Anterior,51.7,267.6,151
TTCTTTGGTCGCGACG-1-Anterior,164.8,579.1,462.9
TTGAAAGGTGTAAAGG-1-Anterior,15.7,78.9,28.2
TTGAAGAATTCCCAGG-1-Anterior,103.7,460.4,244.8
TTGAATATGGACTTTC-1-Anterior,509.8,411.9,268.6
TTGACCATGTTCTCCG-1-Anterior,39.8,480.2,194.1
TTGATAGTCAATACAT-1-Anterior,335.4,277.8,533.8
TTGATCTAACTTTGTC-1-Anterior,63.1,357.9,226.1
TTGATGTGTAGTCCCG-1-Anterior,80.6,477,369
TTGATTATGCAGATGA-1-Anterior,176.8,98.1,451.6
TTGCACGGAGCAGCAC-1-Anterior,97.5,70.8,188.6
TTGCCCTGATCACGGG-1-Anterior,40.9,274,259.8
TTGCCGGTGATCCCTC-1-Anterior,145.8,94.6,595.6
TTGCGTGAACGCTTAG-1-Anterior,37.5,107.2,62
TTGCTCCCATACCGGA-1-Anterior,31.4,286.3,214.5
TTGCTGAAGGAACCAC-1-Anterior,125.3,109.7,469.8
TTGCTGATCATGTTCG-1-Anterior,94.9,545.3,324.4
TTGGCCTAGAATTTCG-1-Anterior,76.6,35.4,288.5
TTGGGACACTGCCCGC-1-Anterior,63.1,508.3,296.4
TTGGGCGGCGGTTGCC-1-Anterior,179.2,519.5,429.4
TTGTAAGGCCAGTTGG-1-Anterior,105.6,522,356
TTGTAATCCGTACTCG-1-Anterior,94.4,531.3,277.4
TTGTCGTTCAGTTACC-1-Anterior,88,116.1,226.6
TTGTGGCCCTGACAGT-1-Anterior,134.7,94.8,470.4
TTGTTCAGTGTGCTAC-1-Anterior,34.7,316.9,212.2
TTGTTGTGTGTCAAGA-1-Anterior,193.1,569,453.3
AAAGACCCAAGTCGCG-1-Posterior,50.7,70.4,206.2
AAAGTCACTGATGTAA-1-Posterior,99,79.3,280.2
AAATGCTCGTTACGTT-1-Posterior,198.8,479.9,435.5
AACCATGGGATCGCTA-1-Posterior,129.4,389.3,340.2
AACCCAGAGACGGAGA-1-Posterior,199.2,426.7,445.5
AACCGTTGTGTTTGCT-1-Posterior,165.6,104.4,451.7
AACGATAGAAGGGCCG-1-Posterior,139,432.5,395.1
AACGCGAACGGCAACA-1-Posterior,89.7,54.1,304.2
AACTCGATGGCGCAGT-1-Posterior,88.9,221,234.8
AACTGATATTAGGCCT-1-Posterior,92.7,132.4,276.7
AACTGGGTCCCGACGT-1-Posterior,89.4,106.4,394
AACTTCTGCGTCTATC-1-Posterior,375.1,460.3,443.9
AACTTGCGTTCTCGCG-1-Posterior,154.2,426,343
AAGAAGGATCAGTTAG-1-Posterior,84.7,396.2,239
AAGTAGAAGACCGGGT-1-Posterior,190,453.2,447.1
AATATCAAGGTCGGAT-1-Posterior,115.1,116.8,454.3
AATCCAAGGGCCTGAG-1-Posterior,77.5,434,242
AATCCATGCAAGGGTG-1-Posterior,128.4,66.6,324.2
AATGAGTTCGCATATG-1-Posterior,166.2,493.8,437
AATGGTTCTCACAAGC-1-Posterior,386.1,442.8,239.1
AATTACTCGTACGCTC-1-Posterior,117.5,113.2,308
ACACACTTTCTACACG-1-Posterior,80.3,104.5,231
ACACATTGACGCAACA-1-Posterior,151.4,94.5,439.3
ACACCCGAGAAATCCG-1-Posterior,376.8,411.9,263.6
ACACCGAGCGCTCTTT-1-Posterior,360.5,441.6,391.1
ACACTCCAATGTCACT-1-Posterior,381.9,461.5,445.7
ACAGCATAGAGCCAGT-1-Posterior,143.5,117,403.7
ACATAATAAGGCGGTG-1-Posterior,22.7,76.9,95.4
ACATGGCTCAATTTAG-1-Posterior,103,67.5,319.1
ACCAAGAACGCGTGTC-1-Posterior,204.8,496.8,480.8
ACCACTGTTCAAGAAG-1-Posterior,120.6,79.7,316.5
ACCATTAAGGGTGTCA-1-Posterior,382.6,457.6,444.7
ACCCTATAGGACTGAG-1-Posterior,112.5,344.4,300.5
ACCCTTCATCTGCGAA-1-Posterior,136.8,94.9,382.6
ACCGAAAGGGCCCTGC-1-Posterior,106.8,102.7,455.7
ACGAGAACCCATCACG-1-Posterior,114.4,85,356.1
ACGGAATTTAGCAAAT-1-Posterior,159.7,502.5,410.2
ACGGGTCATGTGACTT-1-Posterior,384.4,453,425.1
ACGTGCGCCTCGTGCA-1-Posterior,51.6,258.2,77.7
ACGTTATTGGTCACTC-1-Posterior,276.4,329.7,438
ACTCAACGAATGTATT-1-Posterior,149.2,122.2,529.3
ACTCAGACCTGCTTCT-1-Posterior,76.8,43.5,227.4
ACTCGATGTATTTCAT-1-Posterior,392.9,433.2,229.2
ACTGTATACGCGAGCA-1-Posterior,70.5,89.9,183.7
ACTGTGCTAGTAGATC-1-Posterior,119.2,412.5,268.6
ACTTAGTACGACAAGA-1-Posterior,106.1,418.5,339.6
AGAATTGTTTGACATA-1-Posterior,363.9,414.1,267.9
AGAGCGGGCTAATCAT-1-Posterior,81.3,172.5,180.1
AGAGCTACGAAAGCAT-1-Posterior,97.8,154.3,227.9
AGATACGACTTCATAT-1-Posterior,183.8,442.5,410.5
AGATGACTCGCCCACG-1-Posterior,109.5,447.1,335.2
AGATGCTATAACGAGC-1-Posterior,112.5,158,298.9
AGCCCTAAGCGAAGTT-1-Posterior,92.3,137.8,175.3
AGCCTTAAAGCGGAAG-1-Posterior,268.5,326.1,456
AGCGACATCCCATTCA-1-Posterior,80,424.3,245
AGCGGGAAGGGTCCAT-1-Posterior,111.1,387.3,259
AGCGTACGAGAGCTAG-1-Posterior,107.7,29.3,307.9
AGGACATCGCACGTCG-1-Posterior,319.3,439.5,402.9
AGGCCCAGTGACTGGT-1-Posterior,89.8,85.4,287.2
AGGCCCATTGTACAGG-1-Posterior,94.6,452.3,343.1
AGGGCGTGATCGGCTA-1-Posterior,218.3,505.3,467.4
AGGTAACCTCCTATTC-1-Posterior,55.1,377.8,212.8
AGTAATGTCTTGCCGC-1-Posterior,69.3,406.5,207.6
AGTAGGTAACATACAT-1-Posterior,79.8,375.4,183.6
AGTCAGCCACCGCCTG-1-Posterior,196.2,547.3,426.6
AGTCTGGACATCCTTG-1-Posterior,270.5,391.4,354.5
AGTGTGCTAAGATCGC-1-Posterior,179.8,153.7,444.2
AGTGTGGTCTATTGTG-1-Posterior,278.6,331.6,482.4
AGTTCACCGGTTGGAC-1-Posterior,264.4,319.7,436.7
AGTTCTGCGTTGTATC-1-Posterior,163.2,399.1,346.5
AGTTGACATCGGCTGG-1-Posterior,100.1,145.4,235.7
AGTTGCTGACTGATAT-1-Posterior,368,457.9,441.1
AGTTTCGCAGGTCGGA-1-Posterior,119.4,45.1,300.5
ATAATACCGTTAGCCG-1-Posterior,173.7,129.8,478.2
ATAATAGTGTAGGGAC-1-Posterior,375,387.7,271.3
ATACCAGGCTAATAGA-1-Posterior,134,101.7,518.2
ATACTAGCATGACCCT-1-Posterior,65.2,241.8,124.7
ATACTCTCGCCACTCT-1-Posterior,86.2,59.1,195.6
ATAGCCTCAGTACCCA-1-Posterior,247.4,359.4,406.6
ATAGCTGCTCTTGTTA-1-Posterior,370,470.7,431.6
ATATTCCCACAGGTCA-1-Posterior,51.5,37,191.2
ATATTGCTGTCAAAGT-1-Posterior,389.8,425.3,258.6
ATCGCACGATTGTTCA-1-Posterior,156,121.9,511.3
ATCGTCCAATCGAGTC-1-Posterior,103.1,75.4,259.5
ATCTGATAGTGTCTTA-1-Posterior,170.8,162.4,424.9
ATCTGTAATTGTACCC-1-Posterior,51.5,428.7,170.1
ATGACGCCGGCTCTAA-1-Posterior,88.4,470.6,323.8
ATGATCGGGAATAGAC-1-Posterior,166.1,462.8,435.5
ATGCACCTTCCTTAAT-1-Posterior,379.9,444.8,422
ATGCTCAGTGTTGCAT-1-Posterior,284.9,300.7,482
ATGTTACGAGCAATAC-1-Posterior,188.4,420.1,425.9
ATGTTCCTGCCCACCT-1-Posterior,370.1,454.2,436.7
ATTAATTCGGTCACTC-1-Posterior,128.3,59,270.7
ATTACTAGCCTCTTGC-1-Posterior,345.1,430.8,392.1
ATTAGATTGATAGCGG-1-Posterior,210.4,488.5,418.8
ATTATGCCATAGGGAG-1-Posterior,106.8,459.9,356.2
ATTCAAAGTACCTGTT-1-Posterior,137.2,101.1,497.4
ATTCCTTCCAGGCGGT-1-Posterior,106.6,117.5,206.5
ATTCTCGTCTCTTTAG-1-Posterior,68.4,195.8,151.8
ATTGATAGCAACGAGA-1-Posterior,106.7,319.1,290.4
ATTGGGAATATCTTGG-1-Posterior,41.3,261.1,94.7
ATTTAACTCGTATTAC-1-Posterior,117.3,403.7,309.9
CAAAGTCAGGTTAGCT-1-Posterior,109,60.5,285.7
CAACATGGCCTGATAA-1-Posterior,151.8,98.4,584.1
CAACCGCACCTAGACA-1-Posterior,125.6,117.3,369.9
CAACGACCCGTTTACA-1-Posterior,131.3,493.1,347.1
CAACGGTTCTTGATAC-1-Posterior,365.3,442.7,379.2
CAACTCCTTGATCCCG-1-Posterior,235.5,452,391.2
CAACTTGTAGTGGGCA-1-Posterior,106.8,56.2,279.2
CAAGCACCAAATGCCT-1-Posterior,22.6,69.5,131.3
CAATATTGGACTAGTG-1-Posterior,121.2,74.5,358
CAATCCTGCCGTGGAG-1-Posterior,151.8,390.2,323.5
CAATTTGACCGGGAAG-1-Posterior,157.4,119.7,489.5
CACAGCTAGGGAGTGA-1-Posterior,50.6,285.8,104.9
CACATGTTTGGACATG-1-Posterior,124.5,116.4,272.1
CACCATCGGAGGAGAC-1-Posterior,137.4,101.4,492.4
CACCCACACGTCACCC-1-Posterior,202.5,496.6,493.4
CACCCTTTCCTCGCTC-1-Posterior,156.4,109.1,417.2
CACCTAATAGAGTCGT-1-Posterior,373.6,407.4,275.7
CACTGTCCAAGTGAGA-1-Posterior,374.3,432.8,370.7
CACTTCGCCACAGGCT-1-Posterior,171,418.6,268.8
CACTTCGTCTTATCTC-1-Posterior,149.8,324.5,347
CAGCTCGTGCTTGTGT-1-Posterior,152,462.7,320.9
CAGTAATCCCTCCCAG-1-Posterior,291.8,312.5,488.4
CAGTCTCTCGGCTAAT-1-Posterior,160.2,109,563
CAGTGGTTGCACATGA-1-Posterior,200.2,498,444.1
CAGTGTCCGCAGAATG-1-Posterior,157.2,459,450.7
CATACAAAGCCGAACC-1-Posterior,126.7,377.8,302.9
CATAGTAGCATAGTAG-1-Posterior,252.5,429.9,343.3
CATCAACACCTACTAA-1-Posterior,386.7,458.4,449.6
CATCCGCAGGCCCGAA-1-Posterior,363,449.5,437.9
CATCGCCCGCGGCCAA-1-Posterior,140.6,397.3,316.2
CATGAACCGACATTTG-1-Posterior,68.2,182.8,187
CATGCGTTAGACAGAA-1-Posterior,59.9,205.4,121.1
CATGCTGGCTCCAATT-1-Posterior,106.4,121.9,250.8
CATGGCAGGAAGATCG-1-Posterior,85.8,445.9,372.2
CATTACGTCGGCCCGT-1-Posterior,58.1,61.2,168.7
CATTCCCTAAGTACAA-1-Posterior,111.4,333.4,288.7
CATTGTGTGCTAGATC-1-Posterior,141,368.5,321.9
CATTTCTAGCAGACTA-1-Posterior,183,495.7,471.7
CCAAAGCAGTTGGTTG-1-Posterior,108.9,118.9,253.5
CCAAGACTTCTGCGAA-1-Posterior,53.9,205.4,120.9
CCAAGGAACAGAGAGG-1-Posterior,87.4,445.2,364.9
CCAAGTTTCTACAGAT-1-Posterior,138.4,154.9,382.6
CCAATTGAATGTTAAT-1-Posterior,258.2,434.5,353
CCACAGCTGAAATCAT-1-Posterior,93.4,29.7,290.9
CCAGCTACGCCTCATA-1-Posterior,67.4,58.5,257.1
CCAGTCCATTATTCGA-1-Posterior,129.3,124.2,314.7
CCATAGGTTGGCGTGG-1-Posterior,37.6,287.5,79.9
CCATAGTCAGTAACCC-1-Posterior,382.2,455,437.2
CCATATTGGATCATGA-1-Posterior,95,205.2,218.7
CCATCCATACCAAGTC-1-Posterior,140.6,418.3,378.2
CCATCTTGTTCACAAT-1-Posterior,167.6,127.9,465.3
CCATGCTCTGCAGGAA-1-Posterior,203,562.9,477.4
CCCGCCATGCTCCCGT-1-Posterior,368.6,418.2,274.5
CCCGCGCAATGCACCC-1-Posterior,276.4,316.4,477
CCCTAGTGTCAGGTGT-1-Posterior,120.3,147.8,263.7
CCCTCATTCTGGAATT-1-Posterior,181.1,437,426.5
CCCTGATGTAACTCGT-1-Posterior,121.2,272.2,290.7
CCCTGTTGGCAAAGAC-1-Posterior,87.1,262.1,295.3
CCGAAAGTGGTGAGCA-1-Posterior,383,425.3,224.9
CCGACAAACACATGAG-1-Posterior,176.1,147.1,504.6
CCGCCGGTCAACACAC-1-Posterior,60.1,310.9,185.9
CCGGCGCATATTGGAT-1-Posterior,42.9,373.8,198.4
CCGGGACCCGCAGAGA-1-Posterior,158.9,514.5,416.1
CCGGTGCGAGTGATAG-1-Posterior,135.4,104.7,557.1
CCGTACCCAAGCGCCA-1-Posterior,75.2,336.4,223.1
CCGTGCCCATGACGGC-1-Posterior,79.6,256.8,171.1
CCTACGGCTCAGTCGA-1-Posterior,166.6,532.7,481.4
CCTCACCAATCTTGAC-1-Posterior,226.5,511.9,441.7
CCTCATGCAGCTACGA-1-Posterior,95.9,102.9,197.8
CCTGCGATAGAACTGT-1-Posterior,114.7,54.1,297.2
CGAGCGTTGATCAGCC-1-Posterior,83.9,299.5,215.6
CGAGGCCAGGCATTGG-1-Posterior,149,385.1,356
CGAGTGCTATAGTTCG-1-Posterior,95.8,139.4,224.7
CGATATTAGCCGCAGG-1-Posterior,142.3,106.6,518.1
CGCCACCCGCATTAAC-1-Posterior,150.9,102.6,545.5
CGCGGCAGTATTACGG-1-Posterior,119,302.9,309.1
CGCTATACCGCCCACT-1-Posterior,93.2,437,326.6
CGCTATTCAATGTATG-1-Posterior,359.1,408.3,319.3
CGCTCGACATAATGAT-1-Posterior,244.8,433.3,328.4
CGCTTCCACTGAAATC-1-Posterior,255.6,441.3,363.7
CGCTTTCATACCGGTG-1-Posterior,103.7,474.9,378.3
CGGAAAGCAAATGTGC-1-Posterior,202.7,467.8,438.1
CGGATAAGCGGACATG-1-Posterior,272.7,308.4,472.9
CGGCACTCAAGAAAGT-1-Posterior,84,286.6,274.2
CGGGAGTATACCGCCG-1-Posterior,262.6,333,444.6
CGGGCCATAGCCGCAC-1-Posterior,171.6,378.1,375.9
CGGTGTACTTGATCCC-1-Posterior,236.3,486.1,450.6
CGGTTCCGGCTTCTTG-1-Posterior,87.8,21.2,282.5
CGTAAACGCTTGAGTG-1-Posterior,98.8,238,230.2
CGTAATAATTACGAGT-1-Posterior,141.6,145.2,460.8
CGTACCGAAAGTCTAG-1-Posterior,120.1,138.9,303.3
CGTCAATCTTTAACAT-1-Posterior,108.1,172.2,302.1
CGTCAGCTATTTACTC-1-Posterior,263.5,367.3,422.7
CGTCAGTGCGCACAAG-1-Posterior,47.5,223.2,94.1
CGTCATACCATATCCA-1-Posterior,294.7,294.1,514.6
CGTCGCGGCGGGATTT-1-Posterior,106.4,278.9,285.4
CGTCTGGAAGGGCCCG-1-Posterior,69.9,269,110.7
CGTGCTGGCCTAGTCG-1-Posterior,108.5,118.5,297.8
CGTTGTAAACGTCAGG-1-Posterior,277.3,315.4,435.9
CGTTTAAGCGGAGCAC-1-Posterior,68.3,205.9,136.5
CTAATTTCAACAACAC-1-Posterior,291,297.6,497.9
CTACGTGTTGCCACCA-1-Posterior,147,144.6,495.2
CTAGATAAACTCCTCG-1-Posterior,152.7,118.7,437
CTATGTCTATTGAAAC-1-Posterior,76.3,126,219.8
CTCAGGACTCACCTGT-1-Posterior,230.3,440.3,447.2
CTCATGGCTCACAATC-1-Posterior,72.7,32.2,197.2
CTCCGGCCTAATATGC-1-Posterior,92,392.1,229.8
CTCCGGCTTGTAGACA-1-Posterior,186.3,496.8,414.2
CTCCTAAGTTATGTCT-1-Posterior,99.8,280.6,275.3
CTCGAGATCCAAAGCA-1-Posterior,107.5,191.6,296.9
CTCGGTCCGTAGCCTG-1-Posterior,168.8,497.3,483.9
CTCTGCGAAGCAAGCA-1-Posterior,31.3,254.2,71.3
CTGAGCAAGTAACAAG-1-Posterior,164.5,471.8,410.1
CTGCACCTGGAACCGC-1-Posterior,167.1,481.1,444.6
CTGGCGGGAATAAGTA-1-Posterior,284.9,308.6,505.3
CTGGCTCCTGCGGGAT-1-Posterior,181.5,112.9,431.9
CTGGTTCAACGCATCA-1-Posterior,112.8,56.5,332.8
CTGTATGGTGTAGAAA-1-Posterior,212.1,420.5,327.6
CTTAACTTCGAAGTAC-1-Posterior,154.9,105,569.8
CTTACACTGGGAAATA-1-Posterior,162.1,486.2,468
CTTATGTTGACTACCA-1-Posterior,142.5,390.7,265
CTTCATAGCTCAAGAA-1-Posterior,403.6,417.9,242.4
CTTCTTACGTCGTATA-1-Posterior,52.5,223.1,110.1
CTTGAGGTTATCCCGA-1-Posterior,120.8,341.6,285.4
CTTGTACTTGTTGACT-1-Posterior,123.1,448.8,265.7
CTTGTGAGTCTTTGAC-1-Posterior,104.9,128.7,226.2
CTTGTTTATGTAGCCA-1-Posterior,389,429.3,269.9
GAAACAGCCATGCAGT-1-Posterior,102.8,153.5,246.3
GAAATACTAAACGTTT-1-Posterior,291.2,405.7,329
GAAATGGGATGTAAAC-1-Posterior,102.9,417.1,230.4
GAAATTCACATCGCTG-1-Posterior,74.5,391.3,200.3
GAACGACCGAATGATA-1-Posterior,57.9,192.8,108.6
GAAGAACGGTGCAGGT-1-Posterior,122.2,399.8,344.2
GAAGGGCATAACCATG-1-Posterior,139.6,116.7,504.9
GAAGTGCTGGATAGCT-1-Posterior,29,280.5,85.4
GAATCGCCGGACACGG-1-Posterior,38.5,222.9,86.5
GAATGCCGAAATGACC-1-Posterior,274.2,333,446.2
GACAACGCAGCTTACG-1-Posterior,110.3,546.6,389.7
GACACGAGTTAGAGGA-1-Posterior,273.3,338.9,437.2
GACATACTGTCGCAGA-1-Posterior,270.9,320.9,513.2
GACGCCTGTTGCAGGG-1-Posterior,92,244.3,220.7
GACGTGAGACTCCATG-1-Posterior,84.6,51.9,282.7
GAGCATCATCCCTGGG-1-Posterior,79.6,291,182.3
GAGCCACGGTAGTAGG-1-Posterior,97.3,51.1,316.7
GAGCGAGGGAGTACCG-1-Posterior,63,308.3,167
GAGCTCTCGGACCTAA-1-Posterior,176.9,469,438.7
GAGGAGATCCTCATGC-1-Posterior,106.6,187,318.3
GAGGGCATCGCGTATC-1-Posterior,52.4,225.7,149.2
GAGGTCCCAAAGATCT-1-Posterior,372.7,418.7,293
GAGTACGGGTATACAA-1-Posterior,187.9,465.2,479.4
GATAAATCGGTGGATG-1-Posterior,203,332.4,401.1
GATAAGGCAGATGCAA-1-Posterior,111.3,86.1,203.4
GATATCAGTATGTATC-1-Posterior,93.4,46.3,251.9
GATATCTCATGCAATA-1-Posterior,61.2,120.5,232.3
GATCGGCGATAAGTCG-1-Posterior,288.9,307.6,504.9
GATCTTCATTGTCCTC-1-Posterior,372.2,427.3,413.3
GATGCTACAAGCGCCT-1-Posterior,154.5,522.3,444.2
GATGGCGCACACATTA-1-Posterior,276.5,412,341.4
GATGTTTGTGCGAGAT-1-Posterior,193.9,407.9,298.7
GCACAAGTGGATCATA-1-Posterior,376.5,465.9,422.8
GCACTAGTCGCGCTAT-1-Posterior,125.4,395.6,261.4
GCACTGTGCAAATGTA-1-Posterior,58.5,66.8,281.1
GCAGCGGTGGGCATTA-1-Posterior,134.9,121.2,507.1
GCATCCCTAACTTTGA-1-Posterior,174.8,450.3,463.3
GCCAGGCTTAGTGGTA-1-Posterior,113.8,47.3,351.4
GCCCACCAAGGCTGTC-1-Posterior,86.6,284.7,211.2
GCCCGCGCGTTTGACA-1-Posterior,400.5,422.5,233
GCCTAGCGATCTGACC-1-Posterior,370,433.3,269.1
GCCTATTTGCTACACA-1-Posterior,131.8,101.1,572
GCCTTCAGCCCTACCG-1-Posterior,196.2,471.7,424.3
GCCTTGTATATGCAGT-1-Posterior,186.4,155.8,479.5
GCGAGAAACGGGAGTT-1-Posterior,128.2,301.7,327.1
GCGGGAACCAGGCCCT-1-Posterior,209.7,460.7,435.1
GCGGTAACCCAAATGA-1-Posterior,171.3,108.9,424.9
GCGGTCCCTAGACGCA-1-Posterior,80.1,415.5,188.3
GCGGTGCGGAGCATCG-1-Posterior,374.5,429.6,413.5
GCGTCGAAATGTCGGT-1-Posterior,69.7,144.4,154.7
GCTAATACCGAATGCC-1-Posterior,218.6,429.9,314.6
GCTAGTTTCATTGAGG-1-Posterior,227,471.9,413.7
GCTATCGCGGCGCAAC-1-Posterior,296.3,293.9,514.1
GCTCAACCTCTTAGAG-1-Posterior,267.1,401.1,370.2
GCTGAGCAACGGTTCT-1-Posterior,381.7,442.7,407.3
GCTTCCAGCTTAGATT-1-Posterior,122.4,58.5,316.3
GGAGTGCCGCCCTGGA-1-Posterior,149,553.3,456.2
GGATACTCATGAATTG-1-Posterior,69.9,25.9,215.4
GGATCCCTACCAGCTA-1-Posterior,92.3,75.6,304.4
GGATTCAGTACGGTGG-1-Posterior,386.8,449,276.4
GGCGCTCCTCATCAAT-1-Posterior,372.3,446.5,437
GGCGGTTTGCCGGTGC-1-Posterior,369.5,447,389.6
GGCTCGTGCCACCAGC-1-Posterior,400,428.2,246.8
GGCTGGCTAGCTTAAA-1-Posterior,92.4,198.5,232.9
GGGAGTAATGGCTGGC-1-Posterior,68.9,100,226.1
GGGATACGGTAATAAT-1-Posterior,270.9,321,484
GGGCGAATTTCTCCAC-1-Posterior,223.3,470,459.3
GGGCGGTCCTATTGTC-1-Posterior,158.5,418.6,358.3
GGGTAATGCTGTGTTT-1-Posterior,126.5,106.8,296.4
GGGTACCCACGGTCCT-1-Posterior,137.5,420.4,314.9
GGGTTCAGACGAACAA-1-Posterior,278.4,314.8,496.6
GGTAACTATGTATCTG-1-Posterior,81.9,280.9,192.2
GGTCCTTCATACGACT-1-Posterior,111,150.4,327.2
GGTCGGTAATTAGACA-1-Posterior,82.9,285.2,222.8
GGTGAACGGGCTAGCC-1-Posterior,108.8,46.8,331.6
GGTGAGATGCAGATAA-1-Posterior,174.6,460.1,475.6
GGTGATTTCATCTTGT-1-Posterior,91.9,26.2,271.4
GGTGCGGATAAGTGGC-1-Posterior,364,446.3,417.1
GGTTTGAGTGCTGGAA-1-Posterior,84.4,279.3,220.5
GTAACTTGCGGCAGTC-1-Posterior,60.1,94.1,164.2
GTACGACGGCGCTGCG-1-Posterior,101.7,300.6,274.8
GTACGAGATTGCGACA-1-Posterior,65.8,423.3,325.1
GTACTGAGGTCGTAAC-1-Posterior,54.4,171.9,104.7
GTACTGCATGAAGCGT-1-Posterior,79.1,245.5,130.8
GTACTTGGGCACTTCT-1-Posterior,210.4,473.9,432.4
GTAGACGTCGTTACAT-1-Posterior,104.2,410.1,278.3
GTATAATCTCCCGGAT-1-Posterior,128.4,133,368.2
GTATAGGACTCAGTAG-1-Posterior,97.8,414.4,301.4
GTATATGTTACGGCGG-1-Posterior,165.1,110,534.5
GTATCAGCTTGGGTTC-1-Posterior,377.1,431.4,293.7
GTATGACGTGGGAAAC-1-Posterior,173.8,144.1,466.4
GTATTAAGGCGTCTAA-1-Posterior,285.6,298.1,503.9
GTATTCTTACCGTGCT-1-Posterior,160.4,133.1,466.5
GTCAAAGTTTACATAG-1-Posterior,141.4,399.5,288.8
GTCAGACAGCGTTGGA-1-Posterior,139.1,118.8,516
GTCATCTCCTACAGCT-1-Posterior,112.5,243,291
GTCCTACAGGCGGCTC-1-Posterior,376,449,421.6
GTCGTCAATTATAAGG-1-Posterior,54.8,197.2,124
GTGAAACGTGCTCCAC-1-Posterior,88.1,223.6,179.6
GTGCAACAAATGTGGC-1-Posterior,75.1,185,160.7
GTGCCTAGCTATGCTT-1-Posterior,132.5,145.3,305.2
GTGCGGGTCTCCAAAT-1-Posterior,79.3,512.5,397.9
GTGGACGTGCTGAGAC-1-Posterior,192.1,477.1,472.8
GTTCCAGTCTGACCAT-1-Posterior,165,530.2,482
GTTCTTCCCTCGATGT-1-Posterior,166.4,461.1,449.7
GTTGTCGTGTTAGTTG-1-Posterior,193.4,453.2,433.5
GTTTGGCCGCTCAGCG-1-Posterior,77.3,359.4,194.8
TAAACGTCGTCAATGA-1-Posterior,358,416,244.7
TAAAGAGCCCGAAACC-1-Posterior,74.9,79.1,181.8
TAACAAAGGGAGAAGC-1-Posterior,239.7,418,335
TAACCGCCCGCAGTGC-1-Posterior,77.7,39.3,295.4
TAACTCCATGGAGGCT-1-Posterior,269.9,356,402.9
TAAGGAACTTGTGGGA-1-Posterior,169.4,408.6,446.3
TAATACACAGTAGTAT-1-Posterior,35.3,67.3,162.5
TAATATTGAAATTCGC-1-Posterior,179.9,446.2,447.5
TAATTAGATGGATATG-1-Posterior,98.9,128.4,221.8
TACCTCACGCTTGTAC-1-Posterior,113.6,424.3,387.1
TACGTGCACTATGCTG-1-Posterior,186.9,424.3,286.7
TAGAGCTACGAAGAAC-1-Posterior,43.2,343.2,189.4
TAGCCAGAGGGTCCGG-1-Posterior,143.4,105.3,578.7
TAGTACCTTAGTGGTC-1-Posterior,272.2,325.6,501.4
TAGTCCGTATGCATAA-1-Posterior,372.1,457.6,414.6
TAGTCGGGATTCTTCG-1-Posterior,155.1,189.9,455.1
TAGTGCTTGAATCCTT-1-Posterior,126.8,126.4,333.1
TAGTGTCAGAAACGGC-1-Posterior,288.8,328.4,461.8
TAGTTTATTCTTGCTT-1-Posterior,39.6,253.4,98.9
TATAAATCCACAAGCT-1-Posterior,188.8,570.5,468.7
TATAAGTGAGGATAGC-1-Posterior,378.2,416.2,288.3
TATACACGCAAAGTAT-1-Posterior,366.5,392.5,245.2
TATACTCATGCGGCAA-1-Posterior,270.6,320.4,494.1
TATCCATATCATGCGA-1-Posterior,163.6,513.6,461.1
TATCCTGCATGGGAAT-1-Posterior,85.4,418.3,227.9
TATTTAGTCTAGATCG-1-Posterior,76.1,440.9,370.8
TCAACACATTGGGTAA-1-Posterior,83.3,230.2,174.2
TCACAGATCCTCAAAC-1-Posterior,96.7,212.9,280.3
TCACTCTTCGTCTGTC-1-Posterior,390.7,402.3,291.4
TCATCACTCGAGCTCG-1-Posterior,283.8,436,348
TCCATTAGTTGGATAG-1-Posterior,164,116,543.7
TCCCGGTCAGGAATTT-1-Posterior,123.9,64.5,378.3
TCCGATAATTGCCATA-1-Posterior,75.4,216.1,134.5
TCCGCAGCCACCTAGC-1-Posterior,135.9,316.8,313.1
TCCGTAACCACAATCC-1-Posterior,289.3,300.8,481.4
TCGATAGGCTAGTCGC-1-Posterior,128.6,102,513.5
TCGCATCCCTAAGTGT-1-Posterior,173.5,473.1,424.8
TCGCATTCAATGACTT-1-Posterior,86.7,42.4,222.4
TCGCCGGTCGATCCGT-1-Posterior,60.9,307.2,119.1
TCGCTGTGCGTAAATC-1-Posterior,206.5,496.6,467
TCGGGTGAAACTGCTA-1-Posterior,71,52.2,202.4
TCGTATAGTGCAATTA-1-Posterior,71.7,170.4,173.2
TCGTTGGCTCGTCAAT-1-Posterior,86.3,21.3,246.6
TCTATCATGCAGTTAC-1-Posterior,363.1,412.6,358
TCTATTACGCTGGCGA-1-Posterior,103.3,434.1,315.2
TCTCGGCTCCAGGACT-1-Posterior,78.2,456.6,194.4
TCTCTAATAGCTGGTA-1-Posterior,105.7,473.3,383.4
TCTGAACCGGTCGGCT-1-Posterior,371.9,399,268.8
TCTGACTGTAATGGTT-1-Posterior,164.2,110.9,568.4
TCTGCGTCCGGTTTCT-1-Posterior,175.8,468,422.2
TCTGTCATACAAGAGC-1-Posterior,42.5,90.2,156.5
TCTTACAGAGGTACCG-1-Posterior,196.9,441,444.7
TCTTGGTAACACCAAA-1-Posterior,90.5,122.4,400.9
TGAAGAGCGGTCCTAG-1-Posterior,357.1,425,414.1
TGAGAATGCTTTACCG-1-Posterior,106.2,555.2,414.1
TGATTTCCTCCTGACG-1-Posterior,193.1,446.9,429.9
TGCACTATGTGAGTGC-1-Posterior,179.1,141.9,388.6
TGCCTGACATCGGTCA-1-Posterior,185.3,445.7,470
TGCGATGCTAATGGCT-1-Posterior,266.1,329.5,453.7
TGCGGCATAGTTCAAC-1-Posterior,56.3,230.7,108.4
TGCGTGATTGGGTGTC-1-Posterior,92.8,226.5,280.9
TGCTGGTTGGACAATT-1-Posterior,362.2,424.6,265.4
TGCTTGAAACCATGCA-1-Posterior,115.3,58.9,260.6
TGGAAACGGAGTGAAC-1-Posterior,151.1,93.1,572.2
TGGAAGACGAACACCA-1-Posterior,91.1,438.7,351.7
TGGACACCGTTGCTTG-1-Posterior,270.4,324,462.7
TGGACCACGGCGTTGA-1-Posterior,144.9,129.6,443.9
TGGACGTAGGCGAATC-1-Posterior,113.6,49.6,350.6
TGGATAGAGTAACAGA-1-Posterior,106,152.2,289.2
TGGCTTTGGGTAGACA-1-Posterior,172.1,534.2,466
TGGGACCATTGGGAGT-1-Posterior,150,90.6,587.9
TGGGCACAAACAGAAC-1-Posterior,142.4,118.9,462.7
TGGGCCTTGCCTGCAT-1-Posterior,105.6,70.8,343.9
TGGTCTAGCTTACATG-1-Posterior,258.9,310.4,464.6
TGTATCCTTATTCCAT-1-Posterior,65.7,49.5,234.2
TGTCCCGACATAGCAC-1-Posterior,54.3,60.2,215.8
TGTCGGCATGGTGGAA-1-Posterior,106.6,70.3,249.7
TGTCTACAGTTTCTGT-1-Posterior,79.2,126.9,237.7
TGTTTCGGTACTTCTC-1-Posterior,129.7,530.2,436
TTAAACAGAGTCCCGC-1-Posterior,73.9,59.8,281.2
TTAACCAACCCTCCCT-1-Posterior,131.5,562.5,438.8
TTAACGTCGCAAGACC-1-Posterior,47.8,53.1,206.2
TTAATGTGTTTGCAGG-1-Posterior,135.1,157,344.1
TTACATCGTGGCCTGG-1-Posterior,369.2,437,235
TTACCGCCTTAGGGAA-1-Posterior,112.3,213.6,274.5
TTAGATAGGTCGATAC-1-Posterior,111.8,382.4,300.9
TTAGCAACATGGATGT-1-Posterior,280.9,321.4,448
TTATCCAATCGAACTC-1-Posterior,75.5,427.7,253.1
TTATTAGGGAAGCATC-1-Posterior,77.9,401.1,189.9
TTCAACGACCCGACCG-1-Posterior,146.1,491.6,292
TTCAGAGTAACCTGAC-1-Posterior,175.3,127.4,518.3
TTCATAGCCTTGTAAC-1-Posterior,175.3,100.7,479.1
TTCCTCGAGGGTGTCT-1-Posterior,146.7,452.7,270.5
TTCCTTTCTGTGTTGC-1-Posterior,111.4,202.2,310.9
TTCGCATCCGGAAGCA-1-Posterior,94.9,219.8,252.2
TTCGGCTAGAGATGGT-1-Posterior,296.6,393.3,370.9
TTCTGTTTCCTGTCGC-1-Posterior,280.6,307.8,518.4
TTCTTAGTGAACGGTG-1-Posterior,367.4,437.2,241.5
TTCTTAGTGGCTCAGA-1-Posterior,69.6,379.8,165.2
TTGAACGAATCCTTTG-1-Posterior,280.2,303.5,492.9
TTGACGATTCAGCACG-1-Posterior,146.5,118.6,358.2
TTGCACGGAGCAGCAC-1-Posterior,72.6,286.6,152.3
TTGCTGAAGGAACCAC-1-Posterior,106.8,465.2,364.6
TTGGAGTCTCCCTTCT-1-Posterior,127.5,114.6,444
TTGGATCGACTTCTGG-1-Posterior,144.2,100.3,597.9
TTGGATTGGGTACCAC-1-Posterior,131.1,541.4,444.9
TTGGCCATCTTGCGCT-1-Posterior,378.9,430.3,354.8
TTGTGGCCCTGACAGT-1-Posterior,88.1,400.1,198
